"","YEAR","SIZE_1MM","COHORT_ABUND"
"1",1989,40,65.3287137972351
"2",1989,41,73.0465968394394
"3",1989,42,95.2044783350662
"4",1989,43,74.4406097431322
"5",1989,44,94.7419708260331
"6",1989,45,88.7172551469799
"7",1989,46,77.9572860727289
"8",1989,47,90.9849294764748
"9",1989,48,88.3432036017581
"10",1989,49,86.2689010252394
"11",1989,50,98.775574705492
"12",1989,51,100.813197944155
"13",1989,52,114.259711463324
"14",1989,53,86.8843147154831
"15",1989,54,91.7885493058039
"16",1989,55,119.631186392286
"17",1989,56,106.75765260517
"18",1989,57,94.5914047684844
"19",1989,58,117.419128126751
"20",1989,59,96.4191489676667
"21",1989,60,101.921016568403
"22",1990,40,20.3112636324396
"23",1990,41,16.5845562786405
"24",1990,42,57.3682104254728
"25",1990,43,31.1356576422545
"26",1990,44,30.3866174122253
"27",1990,45,63.4575941049323
"28",1990,46,45.6962258896151
"29",1990,47,64.5715017137151
"30",1990,48,46.8178293679107
"31",1990,49,39.1702539328089
"32",1990,50,89.8709394466378
"33",1990,51,59.9884156506483
"34",1990,52,93.9243448128824
"35",1990,53,105.74599751315
"36",1990,54,81.5131509907512
"37",1990,55,121.205282657142
"38",1990,56,96.2134069957596
"39",1990,57,116.398763689921
"40",1990,58,92.0799667899901
"41",1990,59,87.9932637746623
"42",1990,60,99.1191360125163
"43",1991,40,110.072831218
"44",1991,41,72.5779890354321
"45",1991,42,120.306542427212
"46",1991,43,120.371154992249
"47",1991,44,133.421689803354
"48",1991,45,138.18282354525
"49",1991,46,115.965274645107
"50",1991,47,122.667050247339
"51",1991,48,146.455490304045
"52",1991,49,87.156783280883
"53",1991,50,113.833770428101
"54",1991,51,90.2629592605705
"55",1991,52,110.193354428724
"56",1991,53,105.530360668429
"57",1991,54,102.27362828176
"58",1991,55,144.707240001017
"59",1991,56,129.445261490112
"60",1991,57,180.852957180226
"61",1991,58,199.822851169885
"62",1991,59,76.927168014382
"63",1991,60,194.342944733244
"64",1992,40,104.409705301524
"65",1992,41,132.149216134359
"66",1992,42,151.027281499751
"67",1992,43,194.827421646461
"68",1992,44,224.653640867113
"69",1992,45,225.503025939575
"70",1992,46,186.98645162673
"71",1992,47,181.35943951608
"72",1992,48,157.228236706014
"73",1992,49,94.7499993437607
"74",1992,50,120.47255307848
"75",1992,51,86.6759694188556
"76",1992,52,81.8801687580356
"77",1992,53,56.7002852352257
"78",1992,54,47.0369958721153
"79",1992,55,43.847894614649
"80",1992,56,45.084860005364
"81",1992,57,48.3954004962481
"82",1992,58,61.5414908119745
"83",1992,59,53.1024390685518
"84",1992,60,40.1652248512711
"85",1993,40,243.941054958367
"86",1993,41,300.068862896648
"87",1993,42,288.415274907647
"88",1993,43,197.76744074755
"89",1993,44,187.694470659414
"90",1993,45,289.283049027867
"91",1993,46,209.185801309713
"92",1993,47,279.424823899462
"93",1993,48,178.031908561956
"94",1993,49,132.616093034962
"95",1993,50,295.222781255988
"96",1993,51,170.731090602418
"97",1993,52,317.977794870314
"98",1993,53,225.126585735253
"99",1993,54,210.907627984422
"100",1993,55,154.471366487066
"101",1993,56,210.587560466293
"102",1993,57,246.465888221229
"103",1993,58,216.931272172096
"104",1993,59,145.865584297779
"105",1993,60,197.712552815859
"106",1994,40,171.609176496475
"107",1994,41,135.064882185245
"108",1994,42,156.927331816411
"109",1994,43,166.165425734573
"110",1994,44,175.022161666706
"111",1994,45,176.191486607593
"112",1994,46,135.385690217255
"113",1994,47,161.152495993634
"114",1994,48,111.260195334959
"115",1994,49,130.741261354812
"116",1994,50,159.527869288619
"117",1994,51,154.995441480862
"118",1994,52,220.408798365991
"119",1994,53,173.947532518916
"120",1994,54,160.808970635175
"121",1994,55,194.437498468261
"122",1994,56,205.755266357686
"123",1994,57,215.402206176592
"124",1994,58,188.532552520716
"125",1994,59,149.692508169695
"126",1994,60,164.853781058685
"127",1995,40,45.0449996482937
"128",1995,41,44.5076814835532
"129",1995,42,69.3473632816074
"130",1995,43,46.1135505237734
"131",1995,44,61.5381270401488
"132",1995,45,102.710071456799
"133",1995,46,91.5960031380078
"134",1995,47,114.437235725972
"135",1995,48,124.568423333302
"136",1995,49,127.787440261311
"137",1995,50,163.737754746277
"138",1995,51,139.977833172203
"139",1995,52,178.76549094175
"140",1995,53,147.049998542535
"141",1995,54,216.468607551037
"142",1995,55,187.878181075397
"143",1995,56,217.743523523378
"144",1995,57,235.314419307016
"145",1995,58,156.516028724032
"146",1995,59,169.557287453979
"147",1995,60,188.255947599886
"148",1996,40,14.9645866448421
"149",1996,41,14.1354086642006
"150",1996,42,23.7567541868329
"151",1996,43,12.753632843757
"152",1996,44,12.881939604585
"153",1996,45,21.9263601992951
"154",1996,46,22.4231317087825
"155",1996,47,20.5811772629459
"156",1996,48,27.8884937528493
"157",1996,49,20.9955217307195
"158",1996,50,29.8834463738742
"159",1996,51,37.8611490125367
"160",1996,52,48.7295547938988
"161",1996,53,57.7388539807698
"162",1996,54,54.3569752965799
"163",1996,55,68.1219112239651
"164",1996,56,67.5470515378561
"165",1996,57,91.013739018946
"166",1996,58,87.5935861597601
"167",1996,59,62.1950011641313
"168",1996,60,93.4661254899815
"169",1997,40,1.87480192266523
"170",1997,41,4.33601180384691
"171",1997,42,6.72818325490093
"172",1997,43,5.85290646707397
"173",1997,44,11.9843309967728
"174",1997,45,8.11707412262377
"175",1997,46,7.4242327106325
"176",1997,47,19.2532117921736
"177",1997,48,19.5393648522081
"178",1997,49,7.11305425592222
"179",1997,50,25.1300034322113
"180",1997,51,21.8377829576569
"181",1997,52,13.1700071220358
"182",1997,53,19.280218779079
"183",1997,54,22.2153831094784
"184",1997,55,27.1473312913691
"185",1997,56,22.1032311613571
"186",1997,57,28.9308637124886
"187",1997,58,32.4095769338039
"188",1997,59,21.6823061252962
"189",1997,60,41.0884659903489
"190",1998,40,6.7058840328813
"191",1998,41,7.70245020730367
"192",1998,42,18.9984167353901
"193",1998,43,11.278631729548
"194",1998,44,28.925430963053
"195",1998,45,29.6973469041112
"196",1998,46,29.2469803583365
"197",1998,47,37.8736820422001
"198",1998,48,30.3831716529279
"199",1998,49,39.9614622267502
"200",1998,50,34.7952194200912
"201",1998,51,23.9343152088818
"202",1998,52,25.1530510255882
"203",1998,53,23.3346724179855
"204",1998,54,26.5242147929091
"205",1998,55,27.3866078395653
"206",1998,56,27.1941089377186
"207",1998,57,40.9453670802328
"208",1998,58,23.2496645144879
"209",1998,59,20.2848980922346
"210",1998,60,28.6286544404558
"211",1999,40,8.08827886524308
"212",1999,41,6.11434653812627
"213",1999,42,7.12581038916914
"214",1999,43,6.1756780024764
"215",1999,44,5.6444855079549
"216",1999,45,9.49818668707458
"217",1999,46,11.0468738616924
"218",1999,47,11.7993385931736
"219",1999,48,10.1208464165892
"220",1999,49,10.3652820735854
"221",1999,50,12.8695767145082
"222",1999,51,13.1527672797305
"223",1999,52,15.324341265689
"224",1999,53,14.5803241920174
"225",1999,54,12.5377861312818
"226",1999,55,15.8148738042367
"227",1999,56,16.3878545441368
"228",1999,57,16.5723411080559
"229",1999,58,21.925824793255
"230",1999,59,16.0343777445407
"231",1999,60,21.4630623375259
"232",2000,40,41.0980008216133
"233",2000,41,28.9192023936686
"234",2000,42,37.1587936741999
"235",2000,43,36.3868312103695
"236",2000,44,34.892892081477
"237",2000,45,34.1643418366357
"238",2000,46,30.6478145982108
"239",2000,47,36.643094035886
"240",2000,48,36.241242433157
"241",2000,49,30.1457390237946
"242",2000,50,43.3257276327877
"243",2000,51,46.4791259202626
"244",2000,52,56.8165634659722
"245",2000,53,54.8121067057636
"246",2000,54,55.1029414090859
"247",2000,55,49.0079579068025
"248",2000,56,51.8620168656733
"249",2000,57,75.9533844353538
"250",2000,58,59.1061110687676
"251",2000,59,40.4981969741648
"252",2000,60,45.6281308480211
"253",2001,40,48.2118195922232
"254",2001,41,51.5605589101623
"255",2001,42,73.7932338804611
"256",2001,43,29.9480598254247
"257",2001,44,28.2339066372467
"258",2001,45,23.3094993456843
"259",2001,46,10.5046378090704
"260",2001,47,18.583187352663
"261",2001,48,13.6907554327109
"262",2001,49,22.5453556454686
"263",2001,50,22.877552024007
"264",2001,51,22.7181005481937
"265",2001,52,48.7515827191808
"266",2001,53,42.9691105933483
"267",2001,54,51.7603686183342
"268",2001,55,82.0568443437555
"269",2001,56,69.7164428888824
"270",2001,57,81.8495011209975
"271",2001,58,71.7652747004858
"272",2001,59,69.6371305815083
"273",2001,60,102.294696405667
"274",2002,40,5.72050831105191
"275",2002,41,13.9266787624204
"276",2002,42,10.1895344446294
"277",2002,43,10.154754187376
"278",2002,44,12.4412361160304
"279",2002,45,9.19192045697087
"280",2002,46,10.2449446932838
"281",2002,47,11.7892191032365
"282",2002,48,7.19182905475404
"283",2002,49,13.0209971199927
"284",2002,50,13.7410074704281
"285",2002,51,16.8222251408342
"286",2002,52,21.3974036190967
"287",2002,53,22.0136758109234
"288",2002,54,21.1581144078875
"289",2002,55,26.9241736005658
"290",2002,56,13.5393039305521
"291",2002,57,25.3349310800876
"292",2002,58,17.4371533869693
"293",2002,59,16.4444004734397
"294",2002,60,24.5889853929196
"295",2003,40,16.7930269607834
"296",2003,41,21.9843974225184
"297",2003,42,27.652847215028
"298",2003,43,59.1041643727325
"299",2003,44,47.4400253682408
"300",2003,45,55.6128265509661
"301",2003,46,60.6874674344844
"302",2003,47,62.9768269254372
"303",2003,48,65.0420779433237
"304",2003,49,68.931237278122
"305",2003,50,66.9357017868364
"306",2003,51,48.0990239547726
"307",2003,52,34.9520367665733
"308",2003,53,42.0592839347637
"309",2003,54,31.0215592122021
"310",2003,55,28.1408556925356
"311",2003,56,51.7729337133917
"312",2003,57,45.7021637115403
"313",2003,58,34.8710516270701
"314",2003,59,34.2785563445791
"315",2003,60,32.74647044541
"316",2004,40,64.5945648616634
"317",2004,41,56.3723065944499
"318",2004,42,49.7037937736506
"319",2004,43,47.2204920664685
"320",2004,44,39.3975420837879
"321",2004,45,45.5496791097258
"322",2004,46,44.2656374007925
"323",2004,47,57.704831659673
"324",2004,48,46.5420498788268
"325",2004,49,50.718609987243
"326",2004,50,58.8321046316947
"327",2004,51,51.1681750475185
"328",2004,52,63.2746219194479
"329",2004,53,42.5257041135808
"330",2004,54,42.073361930228
"331",2004,55,47.3379362228022
"332",2004,56,45.1669075566597
"333",2004,57,59.4089409023257
"334",2004,58,51.0146409038979
"335",2004,59,46.3529786302273
"336",2004,60,62.681944650752
"337",2005,40,40.8456633734958
"338",2005,41,49.7063476230381
"339",2005,42,66.8488011100288
"340",2005,43,64.1123781156513
"341",2005,44,67.6350117247728
"342",2005,45,65.4494201821757
"343",2005,46,55.3688800114158
"344",2005,47,85.1351258291772
"345",2005,48,54.5065385232559
"346",2005,49,55.8382556928734
"347",2005,50,76.1208608433442
"348",2005,51,48.8741575394097
"349",2005,52,94.1874415553862
"350",2005,53,59.5581519001008
"351",2005,54,74.7523557515112
"352",2005,55,74.8184405138633
"353",2005,56,72.571129638306
"354",2005,57,75.8192020789847
"355",2005,58,82.6501185420173
"356",2005,59,121.730002087913
"357",2005,60,141.82732911749
"358",2006,40,50.8411684116752
"359",2006,41,54.5536690937919
"360",2006,42,51.4891447258117
"361",2006,43,47.3915094074878
"362",2006,44,45.4320269055811
"363",2006,45,33.1493884615179
"364",2006,46,33.6899483615587
"365",2006,47,26.9898323412673
"366",2006,48,23.3435014901215
"367",2006,49,12.1033317871269
"368",2006,50,20.9566531541031
"369",2006,51,21.6783150579675
"370",2006,52,24.0956621589723
"371",2006,53,16.9944488547557
"372",2006,54,32.2488232036528
"373",2006,55,31.6334525094815
"374",2006,56,31.775867311824
"375",2006,57,47.4578962000026
"376",2006,58,41.2105313750644
"377",2006,59,45.1259408800608
"378",2006,60,47.9635984214569
"379",2007,40,18.8119010397401
"380",2007,41,18.4349886946742
"381",2007,42,31.9555428187052
"382",2007,43,19.0399493311972
"383",2007,44,28.7568082715113
"384",2007,45,30.7612661723369
"385",2007,46,36.5824524425158
"386",2007,47,58.2767171145413
"387",2007,48,48.74378549224
"388",2007,49,35.5169398447664
"389",2007,50,65.2418284425701
"390",2007,51,51.9244603011486
"391",2007,52,101.46703318555
"392",2007,53,63.8600350251225
"393",2007,54,77.8002885890031
"394",2007,55,66.1852737647635
"395",2007,56,68.707863983707
"396",2007,57,78.1167940977304
"397",2007,58,54.7878143028061
"398",2007,59,44.5631477734178
"399",2007,60,71.9619930184932
"400",2008,40,0
"401",2008,41,0
"402",2008,42,0
"403",2008,43,0
"404",2008,44,0
"405",2008,45,0
"406",2008,46,0
"407",2008,47,0
"408",2008,48,0
"409",2008,49,0
"410",2008,50,0
"411",2008,51,0
"412",2008,52,0
"413",2008,53,0
"414",2008,54,0
"415",2008,55,0
"416",2008,56,0
"417",2008,57,0
"418",2008,58,0
"419",2008,59,0
"420",2008,60,0
"421",2009,40,31.8954823240045
"422",2009,41,31.8605686152757
"423",2009,42,31.6953608913982
"424",2009,43,27.1330432382016
"425",2009,44,25.3858016222495
"426",2009,45,36.1449928673234
"427",2009,46,37.8810572866822
"428",2009,47,36.9520375359632
"429",2009,48,35.4492832130699
"430",2009,49,45.5060184297392
"431",2009,50,35.1211376940798
"432",2009,51,38.5206622362467
"433",2009,52,27.1625369490207
"434",2009,53,26.7043806654116
"435",2009,54,21.3812253855313
"436",2009,55,27.8083950232077
"437",2009,56,27.5266487502433
"438",2009,57,28.2800919162861
"439",2009,58,19.5175797328696
"440",2009,59,23.9347964081635
"441",2009,60,24.7254797363325
"442",2010,40,77.5202455638161
"443",2010,41,91.6835873587905
"444",2010,42,119.082546146939
"445",2010,43,153.588587860641
"446",2010,44,142.359875220602
"447",2010,45,209.631492947245
"448",2010,46,190.893086555981
"449",2010,47,193.991984482943
"450",2010,48,202.687825647686
"451",2010,49,149.527877957262
"452",2010,50,159.921951659274
"453",2010,51,166.944864655463
"454",2010,52,116.664015805551
"455",2010,53,113.278054308194
"456",2010,54,92.1349767679054
"457",2010,55,63.9655197416957
"458",2010,56,84.8013517327764
"459",2010,57,91.3767421673175
"460",2010,58,47.6237843016429
"461",2010,59,42.0328921716382
"462",2010,60,33.4940836105807
"463",2011,40,45.2435627013251
"464",2011,41,53.0540835960625
"465",2011,42,51.2242707515687
"466",2011,43,56.2295954370973
"467",2011,44,51.7194539826834
"468",2011,45,54.1800477710337
"469",2011,46,55.028929958669
"470",2011,47,47.7899599604084
"471",2011,48,55.4954189311833
"472",2011,49,68.4936546586611
"473",2011,50,74.9170604617417
"474",2011,51,70.2428884779577
"475",2011,52,63.4833082440687
"476",2011,53,82.5550495513311
"477",2011,54,75.6991681132219
"478",2011,55,91.1236522235111
"479",2011,56,85.3096346116126
"480",2011,57,97.1471928938261
"481",2011,58,95.9603788122404
"482",2011,59,73.2577251196834
"483",2011,60,82.944558111435
"484",2012,40,0
"485",2012,41,0
"486",2012,42,0
"487",2012,43,0
"488",2012,44,0
"489",2012,45,0
"490",2012,46,0
"491",2012,47,0
"492",2012,48,0
"493",2012,49,0
"494",2012,50,0
"495",2012,51,0
"496",2012,52,0
"497",2012,53,0
"498",2012,54,0
"499",2012,55,0
"500",2012,56,0
"501",2012,57,0
"502",2012,58,0
"503",2012,59,0
"504",2012,60,0
"505",2013,40,18.8447243533885
"506",2013,41,23.7791596323444
"507",2013,42,26.6557314045236
"508",2013,43,28.1122716343151
"509",2013,44,27.9013957309015
"510",2013,45,38.9576870107015
"511",2013,46,34.6344904683579
"512",2013,47,34.6145772431025
"513",2013,48,36.3803919905746
"514",2013,49,37.9397481841157
"515",2013,50,39.5450890702407
"516",2013,51,39.7330815754592
"517",2013,52,45.1941876841229
"518",2013,53,37.947513177154
"519",2013,54,34.2424708041836
"520",2013,55,47.1402930738718
"521",2013,56,45.3240606808361
"522",2013,57,38.4174132034585
"523",2013,58,34.4506312879041
"524",2013,59,35.5125758771808
"525",2013,60,39.8946120278976
"526",2014,40,0
"527",2014,41,0
"528",2014,42,0
"529",2014,43,0
"530",2014,44,0
"531",2014,45,0
"532",2014,46,0
"533",2014,47,0
"534",2014,48,0
"535",2014,49,0
"536",2014,50,0
"537",2014,51,0
"538",2014,52,0
"539",2014,53,0
"540",2014,54,0
"541",2014,55,0
"542",2014,56,0
"543",2014,57,0
"544",2014,58,0
"545",2014,59,0
"546",2014,60,0
"547",2015,40,79.1433327219596
"548",2015,41,68.5965799676807
"549",2015,42,71.1667129496133
"550",2015,43,66.522227462061
"551",2015,44,50.4673240719128
"552",2015,45,45.4451561542939
"553",2015,46,40.9711525316457
"554",2015,47,33.8999087493619
"555",2015,48,26.2464099383878
"556",2015,49,32.0054236601136
"557",2015,50,34.0534041002958
"558",2015,51,32.8950402541754
"559",2015,52,35.8795781217989
"560",2015,53,30.0059122338568
"561",2015,54,28.6295863531253
"562",2015,55,28.0361302065817
"563",2015,56,35.1847728358864
"564",2015,57,40.8067165083002
"565",2015,58,35.805955842569
"566",2015,59,34.3850469973165
"567",2015,60,39.9079204188426
"568",2016,40,0
"569",2016,41,0
"570",2016,42,0
"571",2016,43,0
"572",2016,44,0
"573",2016,45,0
"574",2016,46,0
"575",2016,47,0
"576",2016,48,0
"577",2016,49,0
"578",2016,50,0
"579",2016,51,0
"580",2016,52,0
"581",2016,53,0
"582",2016,54,0
"583",2016,55,0
"584",2016,56,0
"585",2016,57,0
"586",2016,58,0
"587",2016,59,0
"588",2016,60,0
"589",2017,40,303.027632168792
"590",2017,41,322.856098733709
"591",2017,42,278.802980134218
"592",2017,43,233.652590593002
"593",2017,44,253.450293332489
"594",2017,45,227.304985468459
"595",2017,46,205.245035362581
"596",2017,47,197.750086596127
"597",2017,48,171.00906096851
"598",2017,49,153.701758438839
"599",2017,50,142.910119456543
"600",2017,51,136.252467836673
"601",2017,52,123.477296065423
"602",2017,53,135.32601033181
"603",2017,54,106.515134048171
"604",2017,55,139.415863881828
"605",2017,56,137.471618939793
"606",2017,57,148.540928529611
"607",2017,58,95.3630276542472
"608",2017,59,98.0559428181094
"609",2017,60,6.13065387766298
"610",2018,40,110.735713030339
"611",2018,41,176.167261669799
"612",2018,42,186.421018121427
"613",2018,43,235.903554977137
"614",2018,44,204.558374233772
"615",2018,45,235.840639695118
"616",2018,46,236.24333229665
"617",2018,47,254.580614151493
"618",2018,48,281.567754999147
"619",2018,49,265.858364466137
"620",2018,50,379.366804664111
"621",2018,51,388.847061803839
"622",2018,52,415.382993834743
"623",2018,53,384.113243796694
"624",2018,54,407.62811010439
"625",2018,55,385.52460294739
"626",2018,56,318.921293210826
"627",2018,57,343.06707343926
"628",2018,58,323.537201825945
"629",2018,59,287.750872005111
"630",2018,60,25.8850756549748
"631",2019,40,4.12324850400249
"632",2019,41,0.720041164034855
"633",2019,42,4.27069038914716
"634",2019,43,5.72132312449767
"635",2019,44,3.08248906941854
"636",2019,45,7.01643185450499
"637",2019,46,24.0118227762659
"638",2019,47,18.8667266798525
"639",2019,48,20.6172575677782
"640",2019,49,48.5086505732857
"641",2019,50,61.343187974921
"642",2019,51,35.5284736819693
"643",2019,52,51.4653348678898
"644",2019,53,54.7882524346234
"645",2019,54,80.2744307853228
"646",2019,55,64.3385196001792
"647",2019,56,77.7446181468028
"648",2019,57,82.2860484679771
"649",2019,58,74.0457536330392
"650",2019,59,73.3192598272199
"651",2019,60,10.4469374502463
"652",2021,40,0.123238086285182
"653",2021,41,0.345905755071786
"654",2021,42,0.562494042053292
"655",2021,43,0.497895880582225
"656",2021,44,0.476622599555939
"657",2021,45,0.754087293630802
"658",2021,46,0.680618029803824
"659",2021,47,0.668553717831163
"660",2021,48,0.604918850210767
"661",2021,49,0.517711075452923
"662",2021,50,0.661379041355414
"663",2021,51,0.573571913944408
"664",2021,52,0.403516838398782
"665",2021,53,0.676729363852994
"666",2021,54,1.13165090590431
"667",2021,55,0.984012816492302
"668",2021,56,0.961099404072144
"669",2021,57,1.41279423490498
"670",2021,58,0.756361842852567
"671",2021,59,1.11686891745958
"672",2021,60,0.0440896391476825
"673",2022,40,24.6535143165756
"674",2022,41,26.3554913274
"675",2022,42,39.1567541235369
"676",2022,43,36.9029206632524
"677",2022,44,41.8447573665221
"678",2022,45,32.9056090258971
"679",2022,46,33.8155997784254
"680",2022,47,37.2432351927994
"681",2022,48,33.6890449095035
"682",2022,49,29.0308448807794
"683",2022,50,31.7659542014861
"684",2022,51,25.9248797034101
"685",2022,52,24.9623658091187
"686",2022,53,14.4251491500767
"687",2022,54,15.1168871890398
"688",2022,55,17.8294372214259
"689",2022,56,16.7304577173479
"690",2022,57,14.5818539894501
"691",2022,58,10.8258812156927
"692",2022,59,11.1598491226233
"693",2022,60,1.81871445199287
"694",2023,40,32.9666304533066
"695",2023,41,28.8295057800894
"696",2023,42,39.9579564685781
"697",2023,43,25.6033053769047
"698",2023,44,26.7098446938101
"699",2023,45,20.0339466690759
"700",2023,46,30.4538940260769
"701",2023,47,18.3235453102768
"702",2023,48,17.5888298649547
"703",2023,49,23.9963608424393
"704",2023,50,21.5013519540841
"705",2023,51,24.7318213612256
"706",2023,52,29.1075312213471
"707",2023,53,29.4901118819053
"708",2023,54,31.7292774754915
"709",2023,55,21.847552428247
"710",2023,56,29.3235003594651
"711",2023,57,23.4849444312714
"712",2023,58,25.34654071094
"713",2023,59,19.6292364953523
"714",2023,60,0.835029270361297
"715",2024,40,83.9230262520603
"716",2024,41,90.4935107664254
"717",2024,42,94.9535373885131
"718",2024,43,100.64779348235
"719",2024,44,111.275612490485
"720",2024,45,131.882286330223
"721",2024,46,119.745358086538
"722",2024,47,129.148185728048
"723",2024,48,116.53262006946
"724",2024,49,110.324939496105
"725",2024,50,164.839508739015
"726",2024,51,143.036467201861
"727",2024,52,114.462764533063
"728",2024,53,118.664122278301
"729",2024,54,94.7641536774424
"730",2024,55,107.156675648619
"731",2024,56,78.9105409541216
"732",2024,57,92.1116891130416
"733",2024,58,56.1905992048878
"734",2024,59,76.8725469810617
"735",2024,60,12.436091563939
"736",2025,40,61.9870196184511
"737",2025,41,60.884400699044
"738",2025,42,73.9684942967538
"739",2025,43,102.234970693785
"740",2025,44,95.3749305192977
"741",2025,45,133.733524357683
"742",2025,46,124.397836133679
"743",2025,47,113.203048475684
"744",2025,48,91.2536391811478
"745",2025,49,110.957860248689
"746",2025,50,136.844075247121
"747",2025,51,117.681487659068
"748",2025,52,104.807595556835
"749",2025,53,98.9434917079622
"750",2025,54,108.133038899158
"751",2025,55,105.068961935168
"752",2025,56,117.382296931313
"753",2025,57,138.547819164439
"754",2025,58,125.238787559707
"755",2025,59,123.34415960313
"756",2025,60,17.1393214428281
