"","YEAR","SPECIES","DISTRICT","SIZE_5MM","denom","num","PROP_MATURE"
"1",1989,"SNOW","ALL",17.5,72.097125258211,0.000405262684475207,5.62106579178831e-06
"2",1989,"SNOW","ALL",22.5,378.174985891433,0.119605097684357,0.000316269193221291
"3",1989,"SNOW","ALL",27.5,418.061028613912,0.584059483240543,0.00139706751709673
"4",1989,"SNOW","ALL",32.5,1993.14812157447,2.73591183111098,0.00137265856034311
"5",1989,"SNOW","ALL",37.5,9387.08044017594,52.6000049824611,0.00560344670717185
"6",1989,"SNOW","ALL",42.5,24166.2249174487,452.524700609991,0.0187255023139032
"7",1989,"SNOW","ALL",47.5,19539.8077333241,977.727948526106,0.0500377466283172
"8",1989,"SNOW","ALL",52.5,16233.1551578464,1840.53827450382,0.113381425644428
"9",1989,"SNOW","ALL",57.5,15850.2811454899,3089.41334804113,0.194912211315582
"10",1989,"SNOW","ALL",62.5,17157.9840594753,4446.40549525683,0.259144983457503
"11",1989,"SNOW","ALL",67.5,22732.4412439778,6541.74992505638,0.287771553210961
"12",1989,"SNOW","ALL",72.5,25908.0621087012,8094.77853723911,0.312442455297361
"13",1989,"SNOW","ALL",77.5,21777.349590299,7181.51720660864,0.329770029030885
"14",1989,"SNOW","ALL",82.5,17513.0443891766,5549.5104263804,0.316878682144499
"15",1989,"SNOW","ALL",87.5,12896.7708979916,3996.4541099009,0.309880212768861
"16",1989,"SNOW","ALL",92.5,9468.57379483348,3451.62761056629,0.364535112188667
"17",1989,"SNOW","ALL",97.5,6520.45542741887,3345.3129603704,0.513048972975596
"18",1989,"SNOW","ALL",102.5,3805.22527817946,2609.11982825775,0.685667637923932
"19",1989,"SNOW","ALL",107.5,2325.08844409293,2002.00805110446,0.861045977064109
"20",1989,"SNOW","ALL",112.5,1182.7650372895,1089.68426208529,0.921302395429678
"21",1989,"SNOW","ALL",117.5,756.078953052114,712.215642307867,0.941985806419845
"22",1989,"SNOW","ALL",122.5,483.837758542355,464.001485352512,0.959002221633956
"23",1989,"SNOW","ALL",127.5,178.485146558265,175.04876871536,0.980746981420197
"24",1989,"SNOW","ALL",132.5,58.4556891564053,58.075425377914,0.993494837132552
"25",1989,"SNOW","ALL",137.5,30.1119308828616,29.897916226925,0.992892695696961
"26",1989,"SNOW","ALL",142.5,2.38684857313126,2.37734226961249,0.996017215492517
"27",1990,"SNOW","ALL",7.5,4480.05975640396,0.000525817122366402,1.17368327869908e-07
"28",1990,"SNOW","ALL",12.5,726.134142363297,0.00539112521127813,7.42442049857622e-06
"29",1990,"SNOW","ALL",17.5,265.245323824958,0.000335143108442532,1.26352127008166e-06
"30",1990,"SNOW","ALL",22.5,585.845997643854,0.100941332715474,0.0001723001149132
"31",1990,"SNOW","ALL",27.5,1877.89304066074,1.20646392220825,0.000642456144245441
"32",1990,"SNOW","ALL",32.5,11158.5311764375,9.17702971325347,0.000822422733614955
"33",1990,"SNOW","ALL",37.5,14479.1201061659,29.9392653399355,0.00206775447129456
"34",1990,"SNOW","ALL",42.5,9728.9949849793,111.099786001231,0.0114194514616113
"35",1990,"SNOW","ALL",47.5,11921.5963093723,364.202248517967,0.0305497887251598
"36",1990,"SNOW","ALL",52.5,14244.5511463552,1019.34732658879,0.0715605087247423
"37",1990,"SNOW","ALL",57.5,14312.6126190087,1690.31531452149,0.118099704052395
"38",1990,"SNOW","ALL",62.5,12158.6897620378,1837.93532214203,0.151162284597513
"39",1990,"SNOW","ALL",67.5,11445.0651124699,2135.31353384329,0.186570675907887
"40",1990,"SNOW","ALL",72.5,10983.5560253784,2740.94461768892,0.249549837170742
"41",1990,"SNOW","ALL",77.5,11507.8148571443,3340.42048669764,0.290274090100071
"42",1990,"SNOW","ALL",82.5,13383.5113526123,3893.06348133035,0.290885058394668
"43",1990,"SNOW","ALL",87.5,14390.6045424934,4297.9397594811,0.29866290514689
"44",1990,"SNOW","ALL",92.5,19510.1703436734,6238.11037037257,0.319736335484914
"45",1990,"SNOW","ALL",97.5,17167.7231729738,7036.52228100109,0.409869276787868
"46",1990,"SNOW","ALL",102.5,10940.1790881049,6192.81192542061,0.566061293471328
"47",1990,"SNOW","ALL",107.5,5746.59055435181,4230.78761241817,0.736225692852653
"48",1990,"SNOW","ALL",112.5,3198.88883103652,2608.2901299078,0.815373796238691
"49",1990,"SNOW","ALL",117.5,2147.80110785984,1839.0033625403,0.85622609831539
"50",1990,"SNOW","ALL",122.5,1073.58234576418,946.260288829126,0.881404479649463
"51",1990,"SNOW","ALL",127.5,397.080396852577,375.312643618639,0.945180488872081
"52",1990,"SNOW","ALL",132.5,122.93332708937,113.542402159443,0.923609608945993
"53",1990,"SNOW","ALL",137.5,40.3346800385155,39.2259209894546,0.972511024061624
"54",1990,"SNOW","ALL",142.5,7.01922139954082,6.36417441254356,0.906678112897235
"55",1990,"SNOW","ALL",147.5,14.2436164396294,13.8134385225202,0.969798546672998
"56",1991,"SNOW","ALL",12.5,7189.27971633237,0.0185751433319673,2.58372800404037e-06
"57",1991,"SNOW","ALL",17.5,10927.1051915472,0.18227257628918,1.6680774376564e-05
"58",1991,"SNOW","ALL",22.5,68744.3524461557,4.97549575404896,7.23767928128501e-05
"59",1991,"SNOW","ALL",27.5,43397.5116428653,14.5504862831398,0.000335283884543457
"60",1991,"SNOW","ALL",32.5,29195.9100265898,40.4621060917578,0.00138588268202318
"61",1991,"SNOW","ALL",37.5,22504.8630065038,104.466124792499,0.00464193560131022
"62",1991,"SNOW","ALL",42.5,29053.5490282132,540.3904010949,0.0185998068797082
"63",1991,"SNOW","ALL",47.5,26096.7213470093,1022.05844706985,0.0391642472431493
"64",1991,"SNOW","ALL",52.5,16210.7398877239,1302.60351704293,0.0803543531057072
"65",1991,"SNOW","ALL",57.5,19480.8284400809,2573.55195950894,0.132106905382626
"66",1991,"SNOW","ALL",62.5,18570.7291108531,3427.82316285184,0.184582045346219
"67",1991,"SNOW","ALL",67.5,12369.1328071834,2856.48777120598,0.23093678560449
"68",1991,"SNOW","ALL",72.5,7980.7824043178,2094.51283622826,0.262444548681728
"69",1991,"SNOW","ALL",77.5,8201.56126863509,2480.83082824326,0.302482752610848
"70",1991,"SNOW","ALL",82.5,8914.10624177539,2466.13581897496,0.276655421428294
"71",1991,"SNOW","ALL",87.5,10516.7284052445,2313.56642861468,0.219989177191354
"72",1991,"SNOW","ALL",92.5,12945.2049787564,2535.09121079563,0.195832450313132
"73",1991,"SNOW","ALL",97.5,7500.70614177578,2343.77940656344,0.31247450070195
"74",1991,"SNOW","ALL",102.5,3761.95889701562,2329.22927160478,0.619153301609055
"75",1991,"SNOW","ALL",107.5,2400.44473093226,1954.8104268176,0.81435344110523
"76",1991,"SNOW","ALL",112.5,3149.4651772561,2759.31965656936,0.876123246732753
"77",1991,"SNOW","ALL",117.5,2235.58349298366,2032.65728810153,0.909228975111416
"78",1991,"SNOW","ALL",122.5,1546.09017943937,1449.13502766043,0.937290105668938
"79",1991,"SNOW","ALL",127.5,511.398888676903,491.473117180772,0.961036732896148
"80",1991,"SNOW","ALL",132.5,152.536791116946,149.442039478818,0.979711441315451
"81",1991,"SNOW","ALL",137.5,41.4600981220025,40.8725177075612,0.985827809362335
"82",1991,"SNOW","ALL",142.5,1.13513509922065,1.12571653194586,0.991702690471595
"83",1992,"SNOW","ALL",12.5,76.360821554097,0.00536743413849123,7.02904189511467e-05
"84",1992,"SNOW","ALL",17.5,5659.95357630824,0.0948738261617218,1.67622975847099e-05
"85",1992,"SNOW","ALL",22.5,40873.4262738359,1.50437713881494,3.68057507275316e-05
"86",1992,"SNOW","ALL",27.5,24140.5485543718,7.64917256999724,0.000316859931859833
"87",1992,"SNOW","ALL",32.5,39587.391626726,97.4540588993896,0.00246174488630862
"88",1992,"SNOW","ALL",37.5,34278.3554165386,379.386341442333,0.0110678104836758
"89",1992,"SNOW","ALL",42.5,41950.5722926134,1833.77302453773,0.0437127057944956
"90",1992,"SNOW","ALL",47.5,36582.8634964731,3985.79942356132,0.108952636360617
"91",1992,"SNOW","ALL",52.5,14162.5344287613,2228.13850491686,0.157326255136366
"92",1992,"SNOW","ALL",57.5,8722.23695255628,2320.19047890629,0.266008650249555
"93",1992,"SNOW","ALL",62.5,8391.13468566204,2635.85864307861,0.314124220599451
"94",1992,"SNOW","ALL",67.5,7500.11019604092,2571.96758837484,0.342923973268087
"95",1992,"SNOW","ALL",72.5,5278.98175764606,2130.91341456527,0.403659931478047
"96",1992,"SNOW","ALL",77.5,6868.55335108149,3044.57409280448,0.443262785798278
"97",1992,"SNOW","ALL",82.5,5671.52489558444,2631.22628724232,0.463936302085329
"98",1992,"SNOW","ALL",87.5,4172.83128627489,1929.7842570918,0.4624640021846
"99",1992,"SNOW","ALL",92.5,3192.90558749709,1642.6915333985,0.514481712153036
"100",1992,"SNOW","ALL",97.5,2308.22300797397,1465.7786435388,0.635024708823686
"101",1992,"SNOW","ALL",102.5,2136.87765292616,1715.55234282212,0.802831336868026
"102",1992,"SNOW","ALL",107.5,1881.67319589048,1724.63822640553,0.916545035648105
"103",1992,"SNOW","ALL",112.5,1903.58599452052,1813.33504208978,0.952588980644676
"104",1992,"SNOW","ALL",117.5,1369.42540305479,1320.85400490436,0.964531548748784
"105",1992,"SNOW","ALL",122.5,820.065217788995,799.720017404672,0.975190753195001
"106",1992,"SNOW","ALL",127.5,271.751094827858,268.153914254433,0.986762958303062
"107",1992,"SNOW","ALL",132.5,69.3405891739193,68.7275959192243,0.991159676287758
"108",1992,"SNOW","ALL",137.5,22.7631385401408,22.5235289125713,0.989473787757917
"109",1992,"SNOW","ALL",142.5,3.40540529766195,3.38096910405006,0.992824292125031
"110",1993,"SNOW","ALL",12.5,1249.34703752874,0.0033655838048993,2.6938742429458e-06
"111",1993,"SNOW","ALL",17.5,4933.80575013259,0.0605821323491633,1.22789861249676e-05
"112",1993,"SNOW","ALL",22.5,16909.4712617587,1.51784034766036,8.9762732622693e-05
"113",1993,"SNOW","ALL",27.5,50693.0373171259,12.1282542227125,0.000239248915917988
"114",1993,"SNOW","ALL",32.5,91742.8200662924,118.116882390244,0.00128747821687729
"115",1993,"SNOW","ALL",37.5,73538.618496523,822.67951548679,0.0111870406638886
"116",1993,"SNOW","ALL",42.5,77404.3214361371,2930.58548720769,0.0378607477313213
"117",1993,"SNOW","ALL",47.5,52020.9988916056,4969.4584134032,0.0955279313985858
"118",1993,"SNOW","ALL",52.5,43659.3107377996,6533.93157396971,0.149657231494329
"119",1993,"SNOW","ALL",57.5,30978.8285195098,7740.75656994211,0.249872475489741
"120",1993,"SNOW","ALL",62.5,22841.8770041287,7075.67737539924,0.309767773205341
"121",1993,"SNOW","ALL",67.5,12078.3323672135,5048.70590338663,0.417996934501593
"122",1993,"SNOW","ALL",72.5,9415.43573037614,5274.17607731602,0.560162718789576
"123",1993,"SNOW","ALL",77.5,7416.93959435653,4617.61567551809,0.622576956003739
"124",1993,"SNOW","ALL",82.5,5537.40436854915,3557.28112196835,0.642409491019416
"125",1993,"SNOW","ALL",87.5,3091.62758682279,2027.3828982545,0.655765560798999
"126",1993,"SNOW","ALL",92.5,2756.49404562723,1869.99295115872,0.678395425567919
"127",1993,"SNOW","ALL",97.5,1913.29317146981,1490.07616891526,0.77880180159247
"128",1993,"SNOW","ALL",102.5,1664.87358202795,1475.17708156644,0.886059516764961
"129",1993,"SNOW","ALL",107.5,1095.10253972107,1032.52227598849,0.942854425533044
"130",1993,"SNOW","ALL",112.5,910.726169704918,881.275977649839,0.967662956182953
"131",1993,"SNOW","ALL",117.5,680.949951956256,666.422034950073,0.978665220601827
"132",1993,"SNOW","ALL",122.5,351.069551478203,346.20199813015,0.986135074011523
"133",1993,"SNOW","ALL",127.5,120.929995125632,119.712491972861,0.989932165700442
"134",1993,"SNOW","ALL",132.5,49.3033835187795,49.155678575924,0.997004162142355
"135",1993,"SNOW","ALL",137.5,11.517941699796,11.4693343291319,0.995779856164328
"136",1993,"SNOW","ALL",142.5,1.13513509922065,1.13475928313081,0.999668923910379
"137",1994,"SNOW","ALL",17.5,72.097125258211,0.00490670322745141,6.80568498380259e-05
"138",1994,"SNOW","ALL",22.5,9977.24089547926,0.258523343226879,2.59113061351477e-05
"139",1994,"SNOW","ALL",27.5,28754.6010247486,2.85627090618823,9.93326564931259e-05
"140",1994,"SNOW","ALL",32.5,61460.290002101,39.4257154705768,0.000641482743885997
"141",1994,"SNOW","ALL",37.5,53360.3272634218,189.137900837893,0.00354454161992266
"142",1994,"SNOW","ALL",42.5,47589.238853561,751.316646024902,0.0157875323103362
"143",1994,"SNOW","ALL",47.5,32405.064448625,1488.43933071448,0.0459323058305978
"144",1994,"SNOW","ALL",52.5,29462.2959211837,3093.44409296626,0.104996708377436
"145",1994,"SNOW","ALL",57.5,28752.6740540239,4934.03784218229,0.17160274668407
"146",1994,"SNOW","ALL",62.5,24859.5610853928,5325.23905350778,0.214212915313168
"147",1994,"SNOW","ALL",67.5,18908.9318700862,4682.00175637363,0.247607944676163
"148",1994,"SNOW","ALL",72.5,14950.1547053559,4539.03035446737,0.303610928711075
"149",1994,"SNOW","ALL",77.5,10485.0161669654,3752.10981693243,0.357854461756006
"150",1994,"SNOW","ALL",82.5,6342.87509635126,2389.03544613633,0.376648666392725
"151",1994,"SNOW","ALL",87.5,2470.11918755082,910.042740899042,0.368420578847197
"152",1994,"SNOW","ALL",92.5,1690.25457802352,722.060355295377,0.427190297061471
"153",1994,"SNOW","ALL",97.5,858.729194706146,501.57794329292,0.584093269898152
"154",1994,"SNOW","ALL",102.5,851.116662401669,688.091818599234,0.808457699156759
"155",1994,"SNOW","ALL",107.5,456.759980333052,412.6763390804,0.903486200300412
"156",1994,"SNOW","ALL",112.5,411.132003089181,394.325400765385,0.959121152823148
"157",1994,"SNOW","ALL",117.5,313.67557615935,301.595900016052,0.961489905298964
"158",1994,"SNOW","ALL",122.5,209.395548495954,204.127567013086,0.974841960487188
"159",1994,"SNOW","ALL",127.5,90.35503212449,89.1571048562251,0.986741997207036
"160",1994,"SNOW","ALL",132.5,10.5182795406365,10.3612212586341,0.985068063517838
"161",1994,"SNOW","ALL",137.5,2.30358833995919,2.30092893107841,0.998845536403075
"162",1994,"SNOW","ALL",142.5,1.71893508074983,1.69498803556228,0.98606867388086
"163",1995,"SNOW","ALL",22.5,1108.51862024452,0.181303983487099,0.000163555198961933
"164",1995,"SNOW","ALL",27.5,5457.11194866895,0.586144818606702,0.000107409344745011
"165",1995,"SNOW","ALL",32.5,13498.685172315,7.83492536972516,0.000580421372134388
"166",1995,"SNOW","ALL",37.5,15351.2752245795,44.7505276164497,0.00291510164216182
"167",1995,"SNOW","ALL",42.5,17445.5077120672,180.379715088899,0.010339608228434
"168",1995,"SNOW","ALL",47.5,27184.4984176031,870.011684162229,0.0320039630968089
"169",1995,"SNOW","ALL",52.5,30618.7832382039,2781.7164589612,0.09085000005782
"170",1995,"SNOW","ALL",57.5,31081.2759841323,5276.99122782375,0.169780392237364
"171",1995,"SNOW","ALL",62.5,33279.1331118982,7979.88185398641,0.239786349817308
"172",1995,"SNOW","ALL",67.5,30328.5516158866,8781.83247951377,0.289556606287579
"173",1995,"SNOW","ALL",72.5,27813.3087252647,9261.45413375516,0.332986421185566
"174",1995,"SNOW","ALL",77.5,17774.8880934076,6663.28890641045,0.374870934286319
"175",1995,"SNOW","ALL",82.5,13175.9893000712,4882.74862085058,0.370579279449186
"176",1995,"SNOW","ALL",87.5,7800.56759505157,2619.00275009883,0.335745151642586
"177",1995,"SNOW","ALL",92.5,5449.54529697329,2316.79061791787,0.425134665676533
"178",1995,"SNOW","ALL",97.5,2975.5468339488,1596.77252964253,0.536631623950439
"179",1995,"SNOW","ALL",102.5,1630.50834565829,1142.74874072904,0.700854272700868
"180",1995,"SNOW","ALL",107.5,660.987588514588,576.842687140776,0.872698212741169
"181",1995,"SNOW","ALL",112.5,450.412615498063,432.9193568562,0.961161703646957
"182",1995,"SNOW","ALL",117.5,262.031722062192,256.005340557909,0.977001328477119
"183",1995,"SNOW","ALL",122.5,165.939864252848,163.934478851588,0.98791498709313
"184",1995,"SNOW","ALL",127.5,58.3118897623009,57.9903566781055,0.994485977293721
"185",1995,"SNOW","ALL",132.5,6.75705964667756,6.73448903692531,0.996659699494685
"186",1995,"SNOW","ALL",137.5,2.30358833995919,2.29672487824397,0.997020534617159
"187",1996,"SNOW","ALL",12.5,149.163228823773,0.00344908426199957,2.31228855073555e-05
"188",1996,"SNOW","ALL",17.5,192.259000688563,0.0896548057059675,0.000466323061000394
"189",1996,"SNOW","ALL",22.5,239.504269364819,0.170276613602834,0.000710954397825219
"190",1996,"SNOW","ALL",27.5,564.758062452685,1.40852896620879,0.00249403958943356
"191",1996,"SNOW","ALL",32.5,999.577801833211,1.72259514167865,0.00172332272537409
"192",1996,"SNOW","ALL",37.5,3107.10000632681,21.7446508696466,0.00699837495586536
"193",1996,"SNOW","ALL",42.5,5014.19539600106,126.208804062917,0.0251703003364352
"194",1996,"SNOW","ALL",47.5,5757.19784398444,445.577694497786,0.0773948901136617
"195",1996,"SNOW","ALL",52.5,9049.0276110071,1503.723527966,0.166175150812546
"196",1996,"SNOW","ALL",57.5,13496.3706834172,3133.52347684209,0.232175267732696
"197",1996,"SNOW","ALL",62.5,17858.9555394898,4590.2110103491,0.257025725843776
"198",1996,"SNOW","ALL",67.5,21919.8987361802,6520.38400057971,0.297464147944141
"199",1996,"SNOW","ALL",72.5,22396.9403680158,7612.45866477473,0.339888330267013
"200",1996,"SNOW","ALL",77.5,22777.2874684976,8252.37616116449,0.362307240165364
"201",1996,"SNOW","ALL",82.5,22084.1717368193,7927.20520666307,0.358954155090481
"202",1996,"SNOW","ALL",87.5,18127.7911082461,6060.23153820521,0.334306121579728
"203",1996,"SNOW","ALL",92.5,14317.8009362038,5222.4333569528,0.36475108015697
"204",1996,"SNOW","ALL",97.5,7912.79363834219,3516.23722255099,0.444373679292321
"205",1996,"SNOW","ALL",102.5,4466.6601218991,2768.0504786196,0.61971370175412
"206",1996,"SNOW","ALL",107.5,2095.02357878918,1649.74137069834,0.787457185399229
"207",1996,"SNOW","ALL",112.5,1000.70354443751,861.377148713653,0.860771557672289
"208",1996,"SNOW","ALL",117.5,331.089482425405,292.460934232674,0.883328978287813
"209",1996,"SNOW","ALL",122.5,117.359121010687,111.449734098219,0.949646973651664
"210",1996,"SNOW","ALL",127.5,41.8273587924042,40.0418673604111,0.957312833429078
"211",1996,"SNOW","ALL",132.5,17.763971706863,17.1100069332799,0.963185891962978
"212",1997,"SNOW","ALL",12.5,38.1804107770485,0.00423550741931637,0.000110934045315785
"213",1997,"SNOW","ALL",17.5,96.1295003442814,0.059089677940294,0.000614688287452533
"214",1997,"SNOW","ALL",22.5,75.6349971782866,0.0436416213700733,0.000577003014453764
"215",1997,"SNOW","ALL",27.5,246.57932962194,1.11967548584291,0.0045408327111588
"216",1997,"SNOW","ALL",32.5,397.453304631158,3.9191737676298,0.00986071501221218
"217",1997,"SNOW","ALL",37.5,917.168340942704,2.76526530263685,0.00301500300347763
"218",1997,"SNOW","ALL",42.5,1971.36505106311,13.1413951338266,0.00666613985407714
"219",1997,"SNOW","ALL",47.5,2989.88174820566,32.2943712919114,0.0108012202527048
"220",1997,"SNOW","ALL",52.5,3498.37601796025,111.334081947676,0.0318245041059338
"221",1997,"SNOW","ALL",57.5,3807.54219836377,319.607917831801,0.0839407421325884
"222",1997,"SNOW","ALL",62.5,5222.17134288273,737.246745372379,0.141176284148005
"223",1997,"SNOW","ALL",67.5,5993.2597815495,1166.52607360517,0.194639664577258
"224",1997,"SNOW","ALL",72.5,8338.86931251409,2110.14928216942,0.253049808443782
"225",1997,"SNOW","ALL",77.5,9297.69048153305,2704.3103680803,0.290858291470507
"226",1997,"SNOW","ALL",82.5,9536.75095617746,2709.13642005329,0.284073310973738
"227",1997,"SNOW","ALL",87.5,8496.44622832501,2518.33981622567,0.29639919426903
"228",1997,"SNOW","ALL",92.5,7578.39001503316,2400.09574804102,0.31670259029688
"229",1997,"SNOW","ALL",97.5,5598.28689979548,2259.39982983208,0.403587717148727
"230",1997,"SNOW","ALL",102.5,3967.94477143524,2212.38089766648,0.557563430215348
"231",1997,"SNOW","ALL",107.5,2833.28763397537,2086.68075785332,0.736487440537589
"232",1997,"SNOW","ALL",112.5,1972.0245105239,1626.71324707874,0.824895044862589
"233",1997,"SNOW","ALL",117.5,1253.77191453095,1111.1681116662,0.886260171238479
"234",1997,"SNOW","ALL",122.5,662.465629939137,619.131647500436,0.934586821594529
"235",1997,"SNOW","ALL",127.5,294.919533441994,289.069433808657,0.980163743089307
"236",1997,"SNOW","ALL",132.5,75.922461031359,74.9885329238477,0.987698922099937
"237",1997,"SNOW","ALL",137.5,11.2396682283289,11.2111474497343,0.997462489282138
"238",1997,"SNOW","ALL",142.5,1.13513509922065,1.13425316923571,0.999223061655347
"239",1998,"SNOW","ALL",12.5,572.706161655728,0.00682961254262885,1.19251598810881e-05
"240",1998,"SNOW","ALL",17.5,2071.84307235767,0.37113172252032,0.000179131193608205
"241",1998,"SNOW","ALL",22.5,3362.92862553928,1.8979294576,0.00056436804610911
"242",1998,"SNOW","ALL",27.5,2605.11682076327,15.8952385635331,0.00610154540358616
"243",1998,"SNOW","ALL",32.5,1523.3984380603,7.68671386529579,0.00504576719606135
"244",1998,"SNOW","ALL",37.5,2141.56148858307,16.9768630485617,0.00792732925907917
"245",1998,"SNOW","ALL",42.5,5000.25950030711,94.152108760357,0.0188294445027452
"246",1998,"SNOW","ALL",47.5,7775.09099052811,259.145099859512,0.0333301694057615
"247",1998,"SNOW","ALL",52.5,4318.71695851869,300.736146682266,0.0696355305454928
"248",1998,"SNOW","ALL",57.5,3711.37876064919,480.177390444112,0.129379786168771
"249",1998,"SNOW","ALL",62.5,3989.57690006527,752.855395470685,0.188705573129413
"250",1998,"SNOW","ALL",67.5,3477.40588650365,888.017910941938,0.255367920779243
"251",1998,"SNOW","ALL",72.5,3129.94316824635,1011.86546231569,0.323285570351943
"252",1998,"SNOW","ALL",77.5,3124.85015124858,1101.95786409626,0.352643426327486
"253",1998,"SNOW","ALL",82.5,3577.17083159714,1256.515796071,0.351259656086928
"254",1998,"SNOW","ALL",87.5,4183.25658083141,1560.49441482691,0.373033397467762
"255",1998,"SNOW","ALL",92.5,4697.20777803549,1908.75768245335,0.40636007020572
"256",1998,"SNOW","ALL",97.5,4191.34338521318,2280.71291575385,0.544148428353562
"257",1998,"SNOW","ALL",102.5,3275.01053674811,2444.28179265582,0.746343184313187
"258",1998,"SNOW","ALL",107.5,2242.22194615277,1987.72363230456,0.886497269244521
"259",1998,"SNOW","ALL",112.5,1634.06574983778,1522.71160256124,0.931854549128398
"260",1998,"SNOW","ALL",117.5,766.978426001031,727.071007153887,0.947968003408885
"261",1998,"SNOW","ALL",122.5,356.811976448016,345.893775032223,0.969400686814154
"262",1998,"SNOW","ALL",127.5,114.811768702534,112.927686070611,0.983589812671523
"263",1998,"SNOW","ALL",132.5,37.8683774812902,37.5319261814967,0.991115243847991
"264",1998,"SNOW","ALL",137.5,3.45538250993879,3.43271647318948,0.993440368270629
"265",1998,"SNOW","ALL",152.5,1.10253632227027,1.10154060359939,0.999096883566769
"266",1999,"SNOW","ALL",12.5,114.541232331145,0.0117797573866357,0.000102842942640775
"267",1999,"SNOW","ALL",17.5,1237.48707411948,0.0233588348525794,1.88760233065062e-05
"268",1999,"SNOW","ALL",22.5,1316.5148624848,1.1119887024539,0.000844645764465673
"269",1999,"SNOW","ALL",27.5,5667.53404146694,6.12994111988972,0.00108158876065667
"270",1999,"SNOW","ALL",32.5,7768.1977559568,9.27941160250891,0.00119453853957223
"271",1999,"SNOW","ALL",37.5,3634.19450670243,22.5656003470805,0.00620924397564949
"272",1999,"SNOW","ALL",42.5,2169.48950574891,28.6741444840099,0.0132170007773841
"273",1999,"SNOW","ALL",47.5,2647.21908682157,124.419907155101,0.0470002304586312
"274",1999,"SNOW","ALL",52.5,2566.52962587423,257.256676368856,0.10023522572089
"275",1999,"SNOW","ALL",57.5,2864.30226123619,490.617526817436,0.171286925076717
"276",1999,"SNOW","ALL",62.5,2902.84987407237,683.608991165739,0.235495813018644
"277",1999,"SNOW","ALL",67.5,1968.86178861859,590.524693473182,0.299932020056884
"278",1999,"SNOW","ALL",72.5,1172.65959829096,397.00535016167,0.338551230672796
"279",1999,"SNOW","ALL",77.5,874.262633052358,354.347593810955,0.405310235636863
"280",1999,"SNOW","ALL",82.5,764.705942126854,315.698139443104,0.412835996232829
"281",1999,"SNOW","ALL",87.5,653.611125380591,287.454432703061,0.439794277577022
"282",1999,"SNOW","ALL",92.5,754.741392092065,388.070955368591,0.514177385041648
"283",1999,"SNOW","ALL",97.5,763.13324900325,497.488003561671,0.651901885039675
"284",1999,"SNOW","ALL",102.5,573.359326126886,459.071668150541,0.800670098542964
"285",1999,"SNOW","ALL",107.5,452.364341668467,415.559380866099,0.918638678135814
"286",1999,"SNOW","ALL",112.5,448.942135917782,421.229128739709,0.938270425159761
"287",1999,"SNOW","ALL",117.5,328.222220235017,313.071705020545,0.953840677807785
"288",1999,"SNOW","ALL",122.5,183.611274084535,176.950034378617,0.963720965724296
"289",1999,"SNOW","ALL",127.5,78.2951317401246,76.3073544339451,0.974611738150243
"290",1999,"SNOW","ALL",132.5,24.457804806524,24.0937109557565,0.985113387990143
"291",1999,"SNOW","ALL",137.5,3.45538250993879,3.4208424488083,0.990003983341602
"292",2000,"SNOW","ALL",7.5,101.182774037007,0.000303970728032541,3.00417468215851e-06
"293",2000,"SNOW","ALL",12.5,279.094984739147,4.83900193741829e-05,1.73381902291831e-07
"294",2000,"SNOW","ALL",17.5,312.420876118914,0.135852095854721,0.000434836805857406
"295",2000,"SNOW","ALL",22.5,1759.61946805391,2.5025083422491,0.00142218723291168
"296",2000,"SNOW","ALL",27.5,4916.80243969836,3.93491179339996,0.000800298942587038
"297",2000,"SNOW","ALL",32.5,8498.68987029995,11.0247549250651,0.00129722993700392
"298",2000,"SNOW","ALL",37.5,9749.17704093057,39.5196168466161,0.00405363618700311
"299",2000,"SNOW","ALL",42.5,11545.7583500066,136.492168723382,0.0118218452686829
"300",2000,"SNOW","ALL",47.5,7784.48738267567,274.51984676916,0.0352649870536244
"301",2000,"SNOW","ALL",52.5,8446.48928082967,664.877362658448,0.0787164158448017
"302",2000,"SNOW","ALL",57.5,8272.06425429446,1555.57674809582,0.188051821199072
"303",2000,"SNOW","ALL",62.5,5691.74502666067,1233.83113431274,0.216775545730415
"304",2000,"SNOW","ALL",67.5,3000.69786036921,857.811073116964,0.285870525135582
"305",2000,"SNOW","ALL",72.5,2171.1299861265,756.666476748017,0.348512747547641
"306",2000,"SNOW","ALL",77.5,1884.39637190082,741.454076739353,0.393470337661198
"307",2000,"SNOW","ALL",82.5,1425.22755889353,566.992501386344,0.397825945652163
"308",2000,"SNOW","ALL",87.5,852.931704220986,380.124869137782,0.445668589004982
"309",2000,"SNOW","ALL",92.5,537.721839660241,289.308913512799,0.538027084218112
"310",2000,"SNOW","ALL",97.5,322.05376758331,230.52312647661,0.715790807871786
"311",2000,"SNOW","ALL",102.5,270.625084149803,235.675445127499,0.870855877487849
"312",2000,"SNOW","ALL",107.5,179.672586296074,172.420072731142,0.959634835149635
"313",2000,"SNOW","ALL",112.5,182.091701222634,177.790418141651,0.976378478249685
"314",2000,"SNOW","ALL",117.5,128.103611650173,125.813769648082,0.982125078500177
"315",2000,"SNOW","ALL",122.5,99.0646936988558,97.9569854244911,0.988818334433739
"316",2000,"SNOW","ALL",127.5,24.1074361518751,23.9529509882443,0.993591804509713
"317",2000,"SNOW","ALL",132.5,9.67331108420536,9.63389542584759,0.995925318847428
"318",2000,"SNOW","ALL",137.5,1.1517941699796,1.14765480480681,0.996406158946907
"319",2001,"SNOW","ALL",12.5,4041.86991784422,0.0051561554048347,1.27568563799421e-06
"320",2001,"SNOW","ALL",17.5,334.396079897617,0.042719165074048,0.000127750196973384
"321",2001,"SNOW","ALL",22.5,2826.52825095076,0.499642888013259,0.000176769111663821
"322",2001,"SNOW","ALL",27.5,1700.14900041972,0.677195954772575,0.000398315650337348
"323",2001,"SNOW","ALL",32.5,2006.06053395539,12.3145562218487,0.00613867628289754
"324",2001,"SNOW","ALL",37.5,12168.0892344288,55.46961080414,0.00455861308505136
"325",2001,"SNOW","ALL",42.5,15172.2235124265,181.659126161592,0.0119731380184855
"326",2001,"SNOW","ALL",47.5,4488.55773420951,128.714133939554,0.0286760562214807
"327",2001,"SNOW","ALL",52.5,7171.88409173443,513.327366297087,0.0715749668749799
"328",2001,"SNOW","ALL",57.5,12013.2287436555,1448.60127332405,0.120583841716082
"329",2001,"SNOW","ALL",62.5,14225.2821886514,2575.14142320659,0.181025682939421
"330",2001,"SNOW","ALL",67.5,16316.5091615893,3654.33822306086,0.223965689405155
"331",2001,"SNOW","ALL",72.5,15034.5335938589,4227.83930475067,0.28120854420636
"332",2001,"SNOW","ALL",77.5,11402.9682032678,3725.4591553219,0.326709597791765
"333",2001,"SNOW","ALL",82.5,6965.01784144567,2385.56043796698,0.342506005335921
"334",2001,"SNOW","ALL",87.5,3713.47872162797,1368.63196793188,0.368557913085841
"335",2001,"SNOW","ALL",92.5,1990.7627432829,893.322133533609,0.448733600499507
"336",2001,"SNOW","ALL",97.5,1221.74332117805,724.042630130883,0.592630724948619
"337",2001,"SNOW","ALL",102.5,932.264294890328,760.825832845354,0.816105300841601
"338",2001,"SNOW","ALL",107.5,381.05081995175,348.48085158176,0.914525919733975
"339",2001,"SNOW","ALL",112.5,212.895961016846,205.259768742271,0.964131812373978
"340",2001,"SNOW","ALL",117.5,125.512820956789,122.409025224236,0.975271086181538
"341",2001,"SNOW","ALL",122.5,56.7327998108812,55.4831254441148,0.977972630102302
"342",2001,"SNOW","ALL",127.5,14.5117801287068,14.3206286117139,0.986827838122028
"343",2001,"SNOW","ALL",132.5,1.16869772673739,1.16796468869464,0.999372773621462
"344",2001,"SNOW","ALL",142.5,3.18870800722073,3.18719414621877,0.999525243139686
"345",2002,"SNOW","ALL",12.5,79.3083492660851,1.00475899763554e-05,1.26690191755788e-07
"346",2002,"SNOW","ALL",17.5,1023.34659591505,0.022091210993112,2.15872228248912e-05
"347",2002,"SNOW","ALL",22.5,1773.42588043883,0.196929944426215,0.000111044925304397
"348",2002,"SNOW","ALL",27.5,1077.89203826395,1.09744451012707,0.00101813954567715
"349",2002,"SNOW","ALL",32.5,2144.85421035171,1.50205585912734,0.000700306739673944
"350",2002,"SNOW","ALL",37.5,2070.62199596116,12.796780281481,0.00618016243739405
"351",2002,"SNOW","ALL",42.5,3355.7395231576,50.6973447103726,0.0151076519379754
"352",2002,"SNOW","ALL",47.5,2490.23943481993,58.802938122267,0.0236133671726707
"353",2002,"SNOW","ALL",52.5,3341.49601489073,148.656503997501,0.0444880087646499
"354",2002,"SNOW","ALL",57.5,2868.22041408604,249.397722491964,0.0869520770674226
"355",2002,"SNOW","ALL",62.5,3382.86767727187,456.696650562901,0.135002812445566
"356",2002,"SNOW","ALL",67.5,3062.42594110762,543.619829312346,0.177512808396512
"357",2002,"SNOW","ALL",72.5,3805.65573246786,896.513777793323,0.235574061559152
"358",2002,"SNOW","ALL",77.5,3157.11168845013,928.223532605752,0.294010356365134
"359",2002,"SNOW","ALL",82.5,3037.7557479872,957.234771284061,0.315112487868164
"360",2002,"SNOW","ALL",87.5,3290.62608430743,1105.98153860632,0.336100641723046
"361",2002,"SNOW","ALL",92.5,2658.39603130308,1117.01406975836,0.420183470260008
"362",2002,"SNOW","ALL",97.5,1715.27216476809,987.949507824128,0.575972448056196
"363",2002,"SNOW","ALL",102.5,1106.3951954165,858.275939358269,0.775740840988716
"364",2002,"SNOW","ALL",107.5,611.278678429649,553.730713801899,0.905856417607125
"365",2002,"SNOW","ALL",112.5,309.756777743213,294.482318204192,0.950688860949853
"366",2002,"SNOW","ALL",117.5,111.403737881354,107.451858398904,0.964526509095604
"367",2002,"SNOW","ALL",122.5,80.8173213455916,79.5738371514825,0.984613642553288
"368",2002,"SNOW","ALL",127.5,36.1590141979723,35.8283538607889,0.990855382965556
"369",2002,"SNOW","ALL",132.5,2.33739545347478,2.31472361801711,0.990300385232647
"370",2002,"SNOW","ALL",142.5,1.13513509922065,1.13422698811822,0.999199997336834
"371",2003,"SNOW","ALL",7.5,745.608043127085,0.000177976932918032,2.38700392999511e-07
"372",2003,"SNOW","ALL",12.5,971.206563059016,0.0187551460341159,1.93111813155821e-05
"373",2003,"SNOW","ALL",17.5,23078.188859178,1.408968432476,6.10519500067121e-05
"374",2003,"SNOW","ALL",22.5,8477.20376314112,0.220206812118389,2.59763500171894e-05
"375",2003,"SNOW","ALL",27.5,7547.53230282125,0.747490946168658,9.90377935698596e-05
"376",2003,"SNOW","ALL",32.5,16517.4389003787,12.3251687990072,0.000746191275375303
"377",2003,"SNOW","ALL",37.5,16840.9200462566,54.2839328862181,0.00322333534849151
"378",2003,"SNOW","ALL",42.5,12026.3186046921,133.833472319201,0.0111283824018254
"379",2003,"SNOW","ALL",47.5,16556.8358998159,590.823661070177,0.0356845755218692
"380",2003,"SNOW","ALL",52.5,8479.87934142312,623.763496719861,0.0735580627513008
"381",2003,"SNOW","ALL",57.5,6354.29008873567,793.296962676301,0.124844310158674
"382",2003,"SNOW","ALL",62.5,4634.35210689051,626.247651905509,0.135131651083305
"383",2003,"SNOW","ALL",67.5,4534.8624900962,781.617506514351,0.172357487844746
"384",2003,"SNOW","ALL",72.5,3748.52551077947,816.601615742599,0.217846087320023
"385",2003,"SNOW","ALL",77.5,3426.54495936914,911.994691684861,0.266155764041913
"386",2003,"SNOW","ALL",82.5,2746.07811562033,697.35673209994,0.253946429321589
"387",2003,"SNOW","ALL",87.5,2336.13323099964,634.689121076077,0.271683614895753
"388",2003,"SNOW","ALL",92.5,2210.69358589639,716.050872124892,0.323903265786401
"389",2003,"SNOW","ALL",97.5,1741.18620809218,801.29885960583,0.460202852447248
"390",2003,"SNOW","ALL",102.5,969.777018737004,675.910254487776,0.696974914262304
"391",2003,"SNOW","ALL",107.5,750.275783714327,635.56742574411,0.847111741495454
"392",2003,"SNOW","ALL",112.5,558.473476103159,503.014820009408,0.900695989215596
"393",2003,"SNOW","ALL",117.5,326.355022635402,302.516660361595,0.926955736481988
"394",2003,"SNOW","ALL",122.5,159.772716066932,151.411446603823,0.947667726574756
"395",2003,"SNOW","ALL",127.5,43.5792109978482,42.659352394425,0.978892261186908
"396",2003,"SNOW","ALL",132.5,5.84348863368694,5.74234878529816,0.982691872145396
"397",2003,"SNOW","ALL",137.5,1.1517941699796,1.15072984464123,0.999075941373812
"398",2004,"SNOW","ALL",12.5,878.149447872116,0.0022807505139532,2.5972236496644e-06
"399",2004,"SNOW","ALL",17.5,2027.36154931086,0.111405542728978,5.49509991283239e-05
"400",2004,"SNOW","ALL",22.5,10711.024409504,0.375349640467237,3.50432998858806e-05
"401",2004,"SNOW","ALL",27.5,8541.17171408765,5.992003852884,0.000701543541502731
"402",2004,"SNOW","ALL",32.5,47131.8669911378,133.520743665876,0.00283291862151318
"403",2004,"SNOW","ALL",37.5,64087.8345515842,821.28285206852,0.0128149571258719
"404",2004,"SNOW","ALL",42.5,18843.694534681,381.480427948756,0.0202444604080509
"405",2004,"SNOW","ALL",47.5,11015.8680680737,318.296089077987,0.0288943265397737
"406",2004,"SNOW","ALL",52.5,8603.78302660423,644.050645671142,0.0748566814945981
"407",2004,"SNOW","ALL",57.5,7523.73628429792,1168.50785458772,0.155309517829114
"408",2004,"SNOW","ALL",62.5,10489.1511736878,2495.76884025919,0.237938113287934
"409",2004,"SNOW","ALL",67.5,6557.31663029446,1965.98033506147,0.299814763554156
"410",2004,"SNOW","ALL",72.5,2437.63253469542,908.00037750606,0.372492721762722
"411",2004,"SNOW","ALL",77.5,2171.87793371197,950.430311188213,0.437607609725941
"412",2004,"SNOW","ALL",82.5,1594.73039935334,748.00104518131,0.469045454632722
"413",2004,"SNOW","ALL",87.5,827.810709153948,363.628004727669,0.439264678152461
"414",2004,"SNOW","ALL",92.5,953.442181997629,471.839190500133,0.494879709969981
"415",2004,"SNOW","ALL",97.5,773.67568454376,493.093626997621,0.637338922301016
"416",2004,"SNOW","ALL",102.5,593.953520266287,468.743040835024,0.789191451588456
"417",2004,"SNOW","ALL",107.5,521.976288127654,470.552661298883,0.901482829779052
"418",2004,"SNOW","ALL",112.5,486.232481445857,457.782014113555,0.941487933410574
"419",2004,"SNOW","ALL",117.5,417.668803990976,398.160121254995,0.953291501425129
"420",2004,"SNOW","ALL",122.5,288.151543223156,279.603536031541,0.970335028936508
"421",2004,"SNOW","ALL",127.5,98.7728395016228,96.9461958394463,0.981506619923117
"422",2004,"SNOW","ALL",132.5,26.5296721364841,26.2475766554779,0.989366793545172
"423",2004,"SNOW","ALL",137.5,10.5715124303237,10.5142728355422,0.994585486688037
"424",2004,"SNOW","ALL",142.5,2.51046478543639,2.48592151582858,0.990223615264317
"425",2005,"SNOW","ALL",12.5,109.318152136845,0.000335698820568609,3.07084243564947e-06
"426",2005,"SNOW","ALL",17.5,393.008639495034,0.0264352119709348,6.72636917216391e-05
"427",2005,"SNOW","ALL",22.5,925.894894157656,0.0959263290626878,0.000103603907601152
"428",2005,"SNOW","ALL",27.5,3223.87460334017,5.63098250509778,0.00174665059840221
"429",2005,"SNOW","ALL",32.5,9023.27484328007,41.1872164772944,0.00456455302455603
"430",2005,"SNOW","ALL",37.5,8534.45612024314,110.816784559328,0.0129846334667394
"431",2005,"SNOW","ALL",42.5,24943.4898907096,757.824929642021,0.0303816720499997
"432",2005,"SNOW","ALL",47.5,19354.9180014466,2224.81250638172,0.114948175250106
"433",2005,"SNOW","ALL",52.5,16135.4361546648,3280.24658230533,0.203294571703103
"434",2005,"SNOW","ALL",57.5,14456.9197599176,2971.78755790815,0.205561600068333
"435",2005,"SNOW","ALL",62.5,20690.2896575765,5122.10143248273,0.247560644014816
"436",2005,"SNOW","ALL",67.5,17367.5552239441,5594.92416574984,0.32214805674182
"437",2005,"SNOW","ALL",72.5,8543.21658857621,3510.87519350696,0.410954721457211
"438",2005,"SNOW","ALL",77.5,6791.29260280708,3250.87129185294,0.47868226006184
"439",2005,"SNOW","ALL",82.5,8504.25652643265,4195.56063252123,0.493348315573586
"440",2005,"SNOW","ALL",87.5,6715.06000398992,3435.16411278506,0.51156119390504
"441",2005,"SNOW","ALL",92.5,3158.2190357451,1717.11610092154,0.543697597122625
"442",2005,"SNOW","ALL",97.5,1179.00720028858,796.393989754115,0.67547847846831
"443",2005,"SNOW","ALL",102.5,636.528740795213,545.93137696651,0.857669641569492
"444",2005,"SNOW","ALL",107.5,354.665130878827,331.077914527609,0.933494402754591
"445",2005,"SNOW","ALL",112.5,378.64972639911,367.258808388677,0.969917004512961
"446",2005,"SNOW","ALL",117.5,339.029492362574,330.396847374335,0.974537185753129
"447",2005,"SNOW","ALL",122.5,240.447766806724,237.295806855219,0.986891290389738
"448",2005,"SNOW","ALL",127.5,168.613545576235,167.568868009635,0.993804308170913
"449",2005,"SNOW","ALL",132.5,59.1975784733382,58.9853552999436,0.996415002456728
"450",2005,"SNOW","ALL",137.5,7.47272539541062,7.44447024416805,0.996218896085768
"451",2005,"SNOW","ALL",142.5,3.24694043781075,3.24107379281517,0.998193177513432
"452",2006,"SNOW","ALL",17.5,2028.98613786668,0.0406799587454927,2.00494020073811e-05
"453",2006,"SNOW","ALL",22.5,3882.56525935321,0.248686432116976,6.40520932694907e-05
"454",2006,"SNOW","ALL",27.5,4275.79082715754,0.671226881504099,0.00015698309590844
"455",2006,"SNOW","ALL",32.5,5738.64877412294,4.51898814111965,0.000787465537444448
"456",2006,"SNOW","ALL",37.5,12662.8407639709,47.8788275925843,0.00378104948842223
"457",2006,"SNOW","ALL",42.5,15937.8109957849,259.787303275718,0.0163000617427591
"458",2006,"SNOW","ALL",47.5,6333.92519026477,255.423144247785,0.0403262016167116
"459",2006,"SNOW","ALL",52.5,4407.13260396098,492.813924980505,0.111821896290931
"460",2006,"SNOW","ALL",57.5,6614.5394183423,975.583727406725,0.147490802564636
"461",2006,"SNOW","ALL",62.5,8546.83261996513,1708.60003361208,0.199910318779479
"462",2006,"SNOW","ALL",67.5,7976.60882208316,1970.19469637278,0.246996529517445
"463",2006,"SNOW","ALL",72.5,6725.34104006774,1942.41018581514,0.288819581675159
"464",2006,"SNOW","ALL",77.5,5564.19116321851,1823.5068438252,0.327721818020793
"465",2006,"SNOW","ALL",82.5,6730.49636291782,2282.71681062488,0.339160247259278
"466",2006,"SNOW","ALL",87.5,3495.60697705973,1313.01826385252,0.375619534023513
"467",2006,"SNOW","ALL",92.5,1635.71834422353,801.820847554339,0.490194935079095
"468",2006,"SNOW","ALL",97.5,786.301487889254,457.953402676871,0.582414518769639
"469",2006,"SNOW","ALL",102.5,491.135334510993,362.827686432308,0.738752968758729
"470",2006,"SNOW","ALL",107.5,347.273991635743,316.949302211414,0.912677913823916
"471",2006,"SNOW","ALL",112.5,149.057395605684,142.272022177204,0.954478116292663
"472",2006,"SNOW","ALL",117.5,90.7554687114575,88.5682711067178,0.975900101274408
"473",2006,"SNOW","ALL",122.5,52.5367998110089,51.8008735376878,0.985992175466179
"474",2006,"SNOW","ALL",127.5,20.2113929369176,20.0542777941928,0.992226406996534
"475",2006,"SNOW","ALL",132.5,7.01218636042433,6.91559611475817,0.986225373841845
"476",2006,"SNOW","ALL",137.5,2.30358833995919,2.29788694647013,0.997524994639812
"477",2007,"SNOW","ALL",7.5,181.972496919261,5.452792433803e-05,2.99649261625636e-07
"478",2007,"SNOW","ALL",12.5,38.1804107770485,0.00105022730405057,2.75069671246675e-05
"479",2007,"SNOW","ALL",17.5,96.1295003442814,0.000981219540120224,1.02072676608747e-05
"480",2007,"SNOW","ALL",22.5,969.014406048998,0.036430048285518,3.75949501453293e-05
"481",2007,"SNOW","ALL",27.5,626.972999286156,0.385562659234864,0.000614958953055153
"482",2007,"SNOW","ALL",32.5,2148.39642031589,3.68652545263591,0.00171594283893559
"483",2007,"SNOW","ALL",37.5,6369.76942717066,31.6959768020463,0.00497600064875897
"484",2007,"SNOW","ALL",42.5,7033.46165670171,118.638661703565,0.0168677484138301
"485",2007,"SNOW","ALL",47.5,10046.4526986703,555.887374746949,0.0553317067645704
"486",2007,"SNOW","ALL",52.5,13267.5401835519,1746.5069133488,0.131637582339038
"487",2007,"SNOW","ALL",57.5,10757.2212888281,2504.05449144604,0.232778932794348
"488",2007,"SNOW","ALL",62.5,8942.22115454258,2604.98896064506,0.291313412587849
"489",2007,"SNOW","ALL",67.5,5784.14995106708,1963.4225330362,0.339448760776677
"490",2007,"SNOW","ALL",72.5,6038.52972210573,2097.35530573257,0.347328803906456
"491",2007,"SNOW","ALL",77.5,5844.95096988087,2151.74517480549,0.36813742080874
"492",2007,"SNOW","ALL",82.5,6398.97200987159,2241.84788928788,0.350345006327487
"493",2007,"SNOW","ALL",87.5,5239.95412687498,1810.67857447752,0.345552371382568
"494",2007,"SNOW","ALL",92.5,4517.2285197755,1864.52440979648,0.412758487119695
"495",2007,"SNOW","ALL",97.5,3011.12156463477,1745.40137833795,0.579651581934606
"496",2007,"SNOW","ALL",102.5,2451.11489468683,1917.58612076967,0.78233220520439
"497",2007,"SNOW","ALL",107.5,1963.55121370999,1769.41971015159,0.90113244706686
"498",2007,"SNOW","ALL",112.5,1205.50598584448,1155.76138418868,0.958735500080525
"499",2007,"SNOW","ALL",117.5,495.993925604544,480.969761535022,0.969708975666972
"500",2007,"SNOW","ALL",122.5,174.48875506745,169.589227528474,0.971920668830025
"501",2007,"SNOW","ALL",127.5,30.3997183353243,30.1037922177496,0.990265498044736
"502",2007,"SNOW","ALL",132.5,12.9262643368062,12.8866246680347,0.996933401040035
"503",2009,"SNOW","ALL",12.5,572.706161655727,0.0521038787349925,9.09783798804558e-05
"504",2009,"SNOW","ALL",17.5,6351.11026435858,0.473307581852397,7.45235970013816e-05
"505",2009,"SNOW","ALL",22.5,12361.0729698457,2.46543391620253,0.00019945144909482
"506",2009,"SNOW","ALL",27.5,14658.4974398055,5.22998699673756,0.000356788751249184
"507",2009,"SNOW","ALL",32.5,15980.616106951,15.4642415716505,0.000967687445099448
"508",2009,"SNOW","ALL",37.5,18494.6467699608,76.9891675631436,0.00416278118315782
"509",2009,"SNOW","ALL",42.5,9889.78106791032,162.024812515189,0.0163830535178293
"510",2009,"SNOW","ALL",47.5,9277.88084723102,586.432336696976,0.0632075736208659
"511",2009,"SNOW","ALL",52.5,5936.07816438922,876.074144223248,0.147584671219266
"512",2009,"SNOW","ALL",57.5,4681.04121472162,1103.51723792205,0.235741833345016
"513",2009,"SNOW","ALL",62.5,4530.07180524782,1347.83958408151,0.297531615838875
"514",2009,"SNOW","ALL",67.5,3537.76583063167,1198.93366293989,0.338895709987062
"515",2009,"SNOW","ALL",72.5,4375.74617891035,1622.01192692709,0.370682361500914
"516",2009,"SNOW","ALL",77.5,4497.0592614129,1741.27336981634,0.387202673702205
"517",2009,"SNOW","ALL",82.5,3905.63345546516,1402.84712892448,0.359185557201092
"518",2009,"SNOW","ALL",87.5,3786.61842813624,1285.84418910503,0.339575854686241
"519",2009,"SNOW","ALL",92.5,3360.56521777444,1236.4428354758,0.367927046598026
"520",2009,"SNOW","ALL",97.5,2720.32061106321,1312.32514419288,0.48241561632692
"521",2009,"SNOW","ALL",102.5,1643.4173983907,1159.67641079703,0.705649345037134
"522",2009,"SNOW","ALL",107.5,1108.00956169857,961.223857487639,0.867523070842537
"523",2009,"SNOW","ALL",112.5,926.969704387047,861.398045913899,0.929262350039252
"524",2009,"SNOW","ALL",117.5,652.482162558921,615.103416451473,0.942712999293567
"525",2009,"SNOW","ALL",122.5,459.347188344289,440.185462708223,0.958284874442936
"526",2009,"SNOW","ALL",127.5,144.532859797364,140.200390591736,0.970024330718274
"527",2009,"SNOW","ALL",132.5,47.3603066783059,46.4471557688549,0.980719066798837
"528",2009,"SNOW","ALL",137.5,3.45538250993879,3.43807973029713,0.994992513971496
"529",2009,"SNOW","ALL",147.5,1.11871697831696,1.11136086772783,0.993424511532669
"530",2010,"SNOW","ALL",7.5,60.6574989730872,0.00275612587153726,4.54375125614743e-05
"531",2010,"SNOW","ALL",12.5,1084.93073459953,0.0758923804581113,6.99513600618242e-05
"532",2010,"SNOW","ALL",17.5,2061.75668453404,0.209913526131407,0.000101812948009841
"533",2010,"SNOW","ALL",22.5,21159.4516723047,1.75281869913806,8.2838569084108e-05
"534",2010,"SNOW","ALL",27.5,26540.7734143083,5.76828269677682,0.000217336646778617
"535",2010,"SNOW","ALL",32.5,28964.1473424394,33.1901970316149,0.0011459062350157
"536",2010,"SNOW","ALL",37.5,20555.3807094931,85.382301161938,0.00415376890210094
"537",2010,"SNOW","ALL",42.5,38492.3295344557,737.03619606547,0.0191476121341455
"538",2010,"SNOW","ALL",47.5,48515.3820246369,2851.74715984942,0.0587802680477968
"539",2010,"SNOW","ALL",52.5,25757.0053839136,3381.28784299908,0.131276434997014
"540",2010,"SNOW","ALL",57.5,12091.1914225099,3110.99086744265,0.257293988551945
"541",2010,"SNOW","ALL",62.5,8483.64922623773,3059.51202976833,0.360636319133287
"542",2010,"SNOW","ALL",67.5,4372.84667733938,1774.23395537075,0.405738889626532
"543",2010,"SNOW","ALL",72.5,2271.13733598359,1020.47304084936,0.449322471468866
"544",2010,"SNOW","ALL",77.5,1913.34315152174,906.030443812903,0.473532645250963
"545",2010,"SNOW","ALL",82.5,1573.05468401254,718.897833275359,0.457007528461502
"546",2010,"SNOW","ALL",87.5,1656.51286836471,770.65365262111,0.465226481084864
"547",2010,"SNOW","ALL",92.5,2259.96635368031,1214.68682269008,0.53748004730778
"548",2010,"SNOW","ALL",97.5,2286.09500592014,1497.72898825665,0.655147307691973
"549",2010,"SNOW","ALL",102.5,1779.97242134589,1446.74568094624,0.812791065522411
"550",2010,"SNOW","ALL",107.5,1424.3303813589,1298.83801763851,0.91189378155322
"551",2010,"SNOW","ALL",112.5,1365.79363369953,1278.48788169384,0.936076908069039
"552",2010,"SNOW","ALL",117.5,1219.41597637293,1157.77033257819,0.949446583455378
"553",2010,"SNOW","ALL",122.5,809.174267770294,780.678710725437,0.964784400369802
"554",2010,"SNOW","ALL",127.5,352.506190869499,345.511766111454,0.980158008740804
"555",2010,"SNOW","ALL",132.5,71.1170097185602,70.1760052266546,0.986768221897552
"556",2010,"SNOW","ALL",137.5,36.1339715211829,35.8265968908732,0.991493472281907
"557",2010,"SNOW","ALL",142.5,6.81081059532391,6.79249653524287,0.997311030776042
"558",2011,"SNOW","ALL",12.5,323.620979787341,0.0741207453959597,0.000229035662164629
"559",2011,"SNOW","ALL",17.5,1045.1127180305,0.0177215789704295,1.69566197642542e-05
"560",2011,"SNOW","ALL",22.5,7010.66385835329,1.73471658172745,0.000247439702826504
"561",2011,"SNOW","ALL",27.5,25711.4649976427,9.34826935164631,0.000363583691263931
"562",2011,"SNOW","ALL",32.5,17727.3502508232,17.0138406255343,0.000959750915100481
"563",2011,"SNOW","ALL",37.5,14194.488596342,47.1728428191637,0.00332332105513969
"564",2011,"SNOW","ALL",42.5,16857.3953429133,290.600742488077,0.0172387688949967
"565",2011,"SNOW","ALL",47.5,14696.193037957,993.399823644744,0.0675957250343007
"566",2011,"SNOW","ALL",52.5,14691.2465738776,2577.92979596287,0.175473863500915
"567",2011,"SNOW","ALL",57.5,16622.3805066312,4863.74070112786,0.29260193503497
"568",2011,"SNOW","ALL",62.5,16110.9867853224,6532.75924950518,0.405484737623688
"569",2011,"SNOW","ALL",67.5,10369.5996808883,4723.99912440303,0.455562342788374
"570",2011,"SNOW","ALL",72.5,6081.30361385216,2764.78023156526,0.454636112110496
"571",2011,"SNOW","ALL",77.5,5976.42690711205,2942.26973210955,0.4923125101067
"572",2011,"SNOW","ALL",82.5,3791.55625092613,1647.56317871413,0.434534810953072
"573",2011,"SNOW","ALL",87.5,2298.72722122914,1073.34011943231,0.466928006733393
"574",2011,"SNOW","ALL",92.5,1792.07976023195,1073.49777067904,0.599023433276262
"575",2011,"SNOW","ALL",97.5,1605.48271027301,1196.32240358423,0.745148107749346
"576",2011,"SNOW","ALL",102.5,1185.10297594765,996.477875147011,0.840836530977566
"577",2011,"SNOW","ALL",107.5,1121.76411478138,1024.81708508089,0.913576278271849
"578",2011,"SNOW","ALL",112.5,1005.18454957035,943.958056123765,0.939089301091276
"579",2011,"SNOW","ALL",117.5,891.429234940195,834.028160111763,0.935607816550594
"580",2011,"SNOW","ALL",122.5,604.280760793249,573.690288917078,0.949377054738571
"581",2011,"SNOW","ALL",127.5,247.707740680648,239.837751910204,0.968228732986629
"582",2011,"SNOW","ALL",132.5,71.1103481415178,69.3536235159803,0.975295794895541
"583",2011,"SNOW","ALL",137.5,19.586605398754,19.2437041778624,0.982493075552878
"584",2011,"SNOW","ALL",147.5,5.22910690004914,5.14096288683515,0.983143581705479
"585",2011,"SNOW","ALL",152.5,1.10253632227027,1.09452308079586,0.99273199321188
"586",2013,"SNOW","ALL",12.5,399.538908576424,0.00492645406232098,1.23303487008916e-05
"587",2013,"SNOW","ALL",17.5,3908.40438614769,0.930455966086164,0.000238065428793377
"588",2013,"SNOW","ALL",22.5,4376.00041744463,2.68197088863181,0.000612881771660787
"589",2013,"SNOW","ALL",27.5,5676.89660821497,4.62631194257476,0.000814936797665132
"590",2013,"SNOW","ALL",32.5,14881.4089066506,31.6708665019586,0.00212821693837098
"591",2013,"SNOW","ALL",37.5,12573.0584538936,80.2314885944609,0.00638122290520448
"592",2013,"SNOW","ALL",42.5,8338.92041307398,195.817867434446,0.0234824003269581
"593",2013,"SNOW","ALL",47.5,9512.75002427816,506.287470402349,0.0532219882904751
"594",2013,"SNOW","ALL",52.5,7948.15576399218,823.166213387745,0.103566945317927
"595",2013,"SNOW","ALL",57.5,7657.78373530238,1641.52583443431,0.214360432623198
"596",2013,"SNOW","ALL",62.5,6070.3782573871,1705.23008640176,0.280910021435098
"597",2013,"SNOW","ALL",67.5,4710.72328246928,1605.43670700387,0.34080471527131
"598",2013,"SNOW","ALL",72.5,5613.19135086865,2192.39766054074,0.39057953372665
"599",2013,"SNOW","ALL",77.5,6572.05152057737,2677.48587747744,0.407404882492797
"600",2013,"SNOW","ALL",82.5,6354.93852484823,2382.26677124166,0.374868578496367
"601",2013,"SNOW","ALL",87.5,4338.47610109391,1654.02642768547,0.381245946536024
"602",2013,"SNOW","ALL",92.5,2045.86268674748,973.227456123697,0.475705169475932
"603",2013,"SNOW","ALL",97.5,1888.89303932768,1083.39424261347,0.573560397575019
"604",2013,"SNOW","ALL",102.5,1466.78133475736,1052.40407568498,0.717492137885075
"605",2013,"SNOW","ALL",107.5,960.66440027753,806.725061677264,0.839757423554163
"606",2013,"SNOW","ALL",112.5,563.968640140601,493.399306220638,0.874870109972126
"607",2013,"SNOW","ALL",117.5,348.244073881385,313.793320986485,0.901072967269978
"608",2013,"SNOW","ALL",122.5,195.105092723836,182.313639584407,0.934438138129305
"609",2013,"SNOW","ALL",127.5,81.054700219294,78.4487612071321,0.967849624943261
"610",2013,"SNOW","ALL",132.5,19.6139033385156,19.3322652993412,0.985640897973565
"611",2013,"SNOW","ALL",137.5,15.4448687429244,14.9288990027465,0.966592805107889
"612",2013,"SNOW","ALL",142.5,1.13513509922065,1.13207660554355,0.997305612627779
"613",2015,"SNOW","ALL",12.5,458.413865602848,0.0225934563172659,4.92861538722304e-05
"614",2015,"SNOW","ALL",17.5,4625.60255584128,0.23508972126871,5.08235885877907e-05
"615",2015,"SNOW","ALL",22.5,8495.50440705838,1.63794544095277,0.00019280143502626
"616",2015,"SNOW","ALL",27.5,26174.9923185654,10.8253802854599,0.000413577209639969
"617",2015,"SNOW","ALL",32.5,49861.7961103538,46.8801277849991,0.000940201345359569
"618",2015,"SNOW","ALL",37.5,43693.8624071064,153.667824557437,0.00351692013687589
"619",2015,"SNOW","ALL",42.5,20948.3024250882,317.361742744341,0.0151497594556521
"620",2015,"SNOW","ALL",47.5,8887.58224197107,412.29489292165,0.0463899946798368
"621",2015,"SNOW","ALL",52.5,5951.91070027775,669.069736096262,0.112412596523842
"622",2015,"SNOW","ALL",57.5,5695.6821564088,1120.95883297947,0.196808530075395
"623",2015,"SNOW","ALL",62.5,5202.42671496254,1332.90656520625,0.256208619214706
"624",2015,"SNOW","ALL",67.5,3992.68459050269,1211.58816943141,0.303452011289193
"625",2015,"SNOW","ALL",72.5,2961.39418750333,1060.08915646815,0.357969621518666
"626",2015,"SNOW","ALL",77.5,2678.55221191589,1115.18759489225,0.416339689004826
"627",2015,"SNOW","ALL",82.5,2675.83111271498,1130.58566497529,0.422517572055647
"628",2015,"SNOW","ALL",87.5,1566.04456022641,721.632750602898,0.460799627884516
"629",2015,"SNOW","ALL",92.5,1108.56257512193,549.180540692038,0.49539877406707
"630",2015,"SNOW","ALL",97.5,878.213858681814,576.406685498734,0.656339773963384
"631",2015,"SNOW","ALL",102.5,555.909638294906,454.354750862431,0.817317635031539
"632",2015,"SNOW","ALL",107.5,395.318734732628,356.330939279742,0.90137630213945
"633",2015,"SNOW","ALL",112.5,259.509074467628,243.917888610198,0.939920459855151
"634",2015,"SNOW","ALL",117.5,276.704225497698,260.104670385742,0.940009751993851
"635",2015,"SNOW","ALL",122.5,241.252369740556,229.453716999106,0.951094147783343
"636",2015,"SNOW","ALL",127.5,153.679109554053,149.190210111637,0.970790438235604
"637",2015,"SNOW","ALL",132.5,55.5436450306938,54.5307596573186,0.981764153706235
"638",2015,"SNOW","ALL",137.5,13.2756947826018,13.1275608772032,0.988841721068132
"639",2015,"SNOW","ALL",142.5,2.2702701984413,2.25221356564818,0.992046482922817
"640",2017,"SNOW","ALL",7.5,60.6574989730872,9.08375242960012e-05,1.49754813228129e-06
"641",2017,"SNOW","ALL",12.5,607.949735235805,0.0327355564401425,5.38458272828186e-05
"642",2017,"SNOW","ALL",17.5,1719.60968302367,0.413077217548789,0.000240215684772405
"643",2017,"SNOW","ALL",22.5,1206.78512127849,0.165520304011753,0.000137158058293259
"644",2017,"SNOW","ALL",27.5,17960.4629719639,6.85919233054505,0.000381905095723432
"645",2017,"SNOW","ALL",32.5,46799.9740240097,56.7020417122216,0.00121158276034794
"646",2017,"SNOW","ALL",37.5,53049.0993506732,392.321330057645,0.00739543809149827
"647",2017,"SNOW","ALL",42.5,88973.9403951664,2280.281156157,0.0256286407686275
"648",2017,"SNOW","ALL",47.5,48293.8546791496,3253.97793064627,0.0673787162417403
"649",2017,"SNOW","ALL",52.5,25377.1295312923,3951.99689806416,0.155730650828376
"650",2017,"SNOW","ALL",57.5,21285.062668113,5012.02314049367,0.235471382849257
"651",2017,"SNOW","ALL",62.5,15530.8002630238,4632.16355365301,0.298256591753446
"652",2017,"SNOW","ALL",67.5,8310.12043293417,3136.38575697832,0.377417605712233
"653",2017,"SNOW","ALL",72.5,5972.32379730901,2429.42137698862,0.406779916735804
"654",2017,"SNOW","ALL",77.5,4921.64660804156,2239.26429340472,0.454982746982677
"655",2017,"SNOW","ALL",82.5,2807.25836171585,1302.90333190834,0.464119494549116
"656",2017,"SNOW","ALL",87.5,1617.49102094861,937.744850514395,0.579752739501721
"657",2017,"SNOW","ALL",92.5,718.329194246842,454.634659699339,0.632905725314445
"658",2017,"SNOW","ALL",97.5,835.296417584933,647.452478192058,0.775117029789278
"659",2017,"SNOW","ALL",102.5,662.403468869369,581.015084755329,0.877131706068874
"660",2017,"SNOW","ALL",107.5,459.566853052744,436.159781355026,0.949067101897725
"661",2017,"SNOW","ALL",112.5,307.109435231288,300.407174658927,0.978176311752476
"662",2017,"SNOW","ALL",117.5,153.231478680574,151.523890941199,0.988856155705874
"663",2017,"SNOW","ALL",122.5,63.8866278199159,63.3366113930565,0.991390742544593
"664",2017,"SNOW","ALL",127.5,28.5337312050601,28.4439652486749,0.996854040723237
"665",2017,"SNOW","ALL",132.5,3.50609318021216,3.50067873865913,0.998455705175323
"666",2017,"SNOW","ALL",137.5,1.1517941699796,1.15112758664841,0.999421265232489
"667",2017,"SNOW","ALL",142.5,1.13513509922065,1.13449616235496,0.99943712702908
"668",2018,"SNOW","ALL",7.5,714.963268070891,0.0097708642302071,1.3666246458466e-05
"669",2018,"SNOW","ALL",12.5,305.443286216388,0.00336074451479272,1.10028429710249e-05
"670",2018,"SNOW","ALL",17.5,202.5585556792,0.109034929028428,0.000538288440410835
"671",2018,"SNOW","ALL",22.5,1439.93847120024,0.724064595537889,0.000502844121481354
"672",2018,"SNOW","ALL",27.5,6433.64575148573,7.87348997942252,0.00122379911539337
"673",2018,"SNOW","ALL",32.5,3478.03278106994,8.08332228379009,0.00232410756097113
"674",2018,"SNOW","ALL",37.5,21420.3641957584,202.467550538279,0.00945210588802086
"675",2018,"SNOW","ALL",42.5,54824.9944773186,1741.77399551962,0.0317697067209045
"676",2018,"SNOW","ALL",47.5,62254.499168157,5524.24785243686,0.0887365238858512
"677",2018,"SNOW","ALL",52.5,77027.6368892013,14753.5405416458,0.191535676511376
"678",2018,"SNOW","ALL",57.5,61176.1568203114,18321.9062292362,0.299494234053505
"679",2018,"SNOW","ALL",62.5,43124.0867561456,15991.3900606932,0.370822694776586
"680",2018,"SNOW","ALL",67.5,28790.4592327151,12508.3289000713,0.434460902445691
"681",2018,"SNOW","ALL",72.5,20694.6941155661,10722.1214519294,0.518109685122839
"682",2018,"SNOW","ALL",77.5,17260.6914169631,9946.24207437146,0.576236596443447
"683",2018,"SNOW","ALL",82.5,13544.4354525248,8103.65160853609,0.598301172237156
"684",2018,"SNOW","ALL",87.5,7310.13460166231,4386.18567051179,0.600014351242503
"685",2018,"SNOW","ALL",92.5,5109.24053488097,3098.44197309462,0.606438853669433
"686",2018,"SNOW","ALL",97.5,2899.60667402867,2054.77695806995,0.708639891221893
"687",2018,"SNOW","ALL",102.5,1859.49410040223,1588.52009313192,0.854275414365827
"688",2018,"SNOW","ALL",107.5,811.514139553207,758.604885958174,0.934801809338575
"689",2018,"SNOW","ALL",112.5,321.751592234794,309.541909348917,0.962052455432863
"690",2018,"SNOW","ALL",117.5,117.53801306758,115.388448049016,0.981711746162254
"691",2018,"SNOW","ALL",122.5,58.6417813937002,58.2608377609209,0.993503887096783
"692",2018,"SNOW","ALL",127.5,29.071033252706,28.9466024788062,0.995719767755819
"693",2018,"SNOW","ALL",132.5,9.34958181389911,9.32783759658577,0.997674311242347
"694",2018,"SNOW","ALL",137.5,3.45538250993879,3.45241576495304,0.999141413439116
"695",2019,"SNOW","ALL",12.5,349.700872976819,0.0171437089985484,4.90239239399462e-05
"696",2019,"SNOW","ALL",17.5,48.0647501721407,0.0348720173215724,0.000725521659775211
"697",2019,"SNOW","ALL",22.5,92.7239684407486,0.649234292938629,0.00700179580162701
"698",2019,"SNOW","ALL",27.5,224.087365015124,1.33859420751923,0.00597353718461048
"699",2019,"SNOW","ALL",32.5,115.220904526187,1.4280441091168,0.0123939671797338
"700",2019,"SNOW","ALL",37.5,103.254040010833,6.49821800837022,0.0629342736389629
"701",2019,"SNOW","ALL",42.5,1137.70867903987,30.93020658011,0.0271864029429859
"702",2019,"SNOW","ALL",47.5,5505.3908697253,293.220431531275,0.0532606019208779
"703",2019,"SNOW","ALL",52.5,9916.55230374589,1077.01429652476,0.108607736190523
"704",2019,"SNOW","ALL",57.5,11804.4679901351,2167.20264261336,0.183591725135304
"705",2019,"SNOW","ALL",62.5,18275.7442097695,3718.16135636125,0.203447876796922
"706",2019,"SNOW","ALL",67.5,21745.5041855159,5165.02931067313,0.237521708699374
"707",2019,"SNOW","ALL",72.5,25444.0287383189,7473.32086744461,0.293716099140767
"708",2019,"SNOW","ALL",77.5,25709.4471094151,9839.29881772628,0.382711412495643
"709",2019,"SNOW","ALL",82.5,19646.8949580817,8693.64294718934,0.442494499295586
"710",2019,"SNOW","ALL",87.5,12583.9308234073,6386.79025961734,0.507535391702669
"711",2019,"SNOW","ALL",92.5,8124.65118143522,4672.78087972062,0.5751361843568
"712",2019,"SNOW","ALL",97.5,4266.93581183967,2900.04465298583,0.679655092288696
"713",2019,"SNOW","ALL",102.5,2251.05652684282,1919.5975480517,0.852754040230167
"714",2019,"SNOW","ALL",107.5,981.456016652785,890.573095783036,0.907399904501374
"715",2019,"SNOW","ALL",112.5,459.577428498152,426.030361841637,0.927004538133773
"716",2019,"SNOW","ALL",117.5,194.274517148458,181.824677246397,0.935916248385025
"717",2019,"SNOW","ALL",122.5,70.5403218202405,67.8155696998931,0.96137312603576
"718",2019,"SNOW","ALL",127.5,53.9829541777985,50.8380650188081,0.941742922244819
"719",2019,"SNOW","ALL",132.5,4.67479090694955,4.67106126452182,0.999202179840345
"720",2019,"SNOW","ALL",137.5,1.1517941699796,1.14554014698648,0.994570190441901
"721",2021,"SNOW","ALL",7.5,181.972496919261,0.0121267707717128,6.66406790972006e-05
"722",2021,"SNOW","ALL",12.5,4656.64554691874,0.00457432762534076,9.82322484984399e-07
"723",2021,"SNOW","ALL",17.5,699.513706162761,0.060610342958344,8.66463979538399e-05
"724",2021,"SNOW","ALL",22.5,105.888996049601,0.0479585671702132,0.000452913607262346
"725",2021,"SNOW","ALL",27.5,771.247743914412,1.82606518026563,0.0023676765276454
"726",2021,"SNOW","ALL",32.5,451.735669637476,3.01886146514445,0.0066828051625127
"727",2021,"SNOW","ALL",37.5,295.216982446534,2.78367856486621,0.00942926298411832
"728",2021,"SNOW","ALL",42.5,129.463839543669,6.05524010541559,0.0467716709681942
"729",2021,"SNOW","ALL",47.5,168.215986678969,14.3121950409935,0.0850822524276928
"730",2021,"SNOW","ALL",52.5,171.089687156017,49.1738214690445,0.287415461951268
"731",2021,"SNOW","ALL",57.5,228.812147163752,84.148225419257,0.367761180786593
"732",2021,"SNOW","ALL",62.5,355.247785562949,147.28703964379,0.414603681231647
"733",2021,"SNOW","ALL",67.5,508.003237465798,206.384508686448,0.406266128767227
"734",2021,"SNOW","ALL",72.5,1069.89494970699,422.781094295376,0.395161314118887
"735",2021,"SNOW","ALL",77.5,1978.9207829764,774.331443334953,0.391289762579741
"736",2021,"SNOW","ALL",82.5,2818.29400096544,1139.34952028832,0.404269220989018
"737",2021,"SNOW","ALL",87.5,2897.83427972673,1399.31617420053,0.482883436085408
"738",2021,"SNOW","ALL",92.5,2202.5508141516,1340.5121506493,0.608618035977368
"739",2021,"SNOW","ALL",97.5,1443.87630927424,1157.51106841168,0.801669132582068
"740",2021,"SNOW","ALL",102.5,822.432064307062,756.3814561788,0.919688675825264
"741",2021,"SNOW","ALL",107.5,328.261589377301,317.72678869136,0.967907300071492
"742",2021,"SNOW","ALL",112.5,189.528769701354,187.098609544402,0.987177882488335
"743",2021,"SNOW","ALL",117.5,43.2191350124696,42.5440169212947,0.984379185493183
"744",2021,"SNOW","ALL",122.5,9.82871197229476,9.7606048034676,0.993070590630884
"745",2021,"SNOW","ALL",127.5,2.37781093375501,2.37229219351039,0.997679066839894
"746",2021,"SNOW","ALL",132.5,1.16869772673739,1.16754714963591,0.999015504971767
"747",2022,"SNOW","ALL",12.5,3779.8606669278,0.0163694727509646,4.33070797931539e-06
"748",2022,"SNOW","ALL",17.5,1079.55591800386,0.0164793007699081,1.52648885482273e-05
"749",2022,"SNOW","ALL",22.5,9057.38348933636,0.346726523335113,3.82810911940881e-05
"750",2022,"SNOW","ALL",27.5,10780.3177692925,3.61771068827228,0.000335584791255156
"751",2022,"SNOW","ALL",32.5,14095.478285144,38.2667507737095,0.00271482456995028
"752",2022,"SNOW","ALL",37.5,7070.50892307919,50.1753511750942,0.00709642710601983
"753",2022,"SNOW","ALL",42.5,11096.3759281266,349.164345909211,0.0314665209768321
"754",2022,"SNOW","ALL",47.5,8926.08667094147,529.817743146069,0.0593561056124259
"755",2022,"SNOW","ALL",52.5,4536.90938696025,467.619842537641,0.103070130490516
"756",2022,"SNOW","ALL",57.5,2471.01845147355,355.078205477724,0.143697108075409
"757",2022,"SNOW","ALL",62.5,1603.30250622583,321.814700988588,0.20071988894107
"758",2022,"SNOW","ALL",67.5,1010.50738067494,261.52529571193,0.258805923354317
"759",2022,"SNOW","ALL",72.5,971.691291049328,309.443169202541,0.318458312895213
"760",2022,"SNOW","ALL",77.5,988.606529934129,374.701905299319,0.379020261300808
"761",2022,"SNOW","ALL",82.5,795.099900106761,340.565583363199,0.428330557351938
"762",2022,"SNOW","ALL",87.5,715.505476442009,317.581384533791,0.443855980128939
"763",2022,"SNOW","ALL",92.5,520.142688234915,289.283534932226,0.55616187918338
"764",2022,"SNOW","ALL",97.5,457.639248779009,325.893625660833,0.7121190468919
"765",2022,"SNOW","ALL",102.5,399.046221222217,347.341245911767,0.870428605608429
"766",2022,"SNOW","ALL",107.5,311.220736521184,290.314986585392,0.932826616344797
"767",2022,"SNOW","ALL",112.5,211.742901700334,204.398461269803,0.965314348809082
"768",2022,"SNOW","ALL",117.5,90.8139324140926,88.6075601295749,0.975704473687396
"769",2022,"SNOW","ALL",122.5,33.5837996534738,33.1306974383532,0.98650830996505
"770",2022,"SNOW","ALL",127.5,5.94452733438752,5.8869951006659,0.990321815262113
"771",2022,"SNOW","ALL",132.5,1.16869772673739,1.16722481849352,0.998739701284453
"772",2022,"SNOW","ALL",137.5,2.30358833995919,2.29434115336586,0.995985746918001
"773",2023,"SNOW","ALL",12.5,311.578496424152,0.0012678803576145,4.06921649653425e-06
"774",2023,"SNOW","ALL",17.5,3936.23387649736,0.0316115151549126,8.03090368782711e-06
"775",2023,"SNOW","ALL",22.5,15165.1318783747,1.06565561851487,7.02701187870632e-05
"776",2023,"SNOW","ALL",27.5,18661.8919428003,4.97961097834014,0.000266833126759223
"777",2023,"SNOW","ALL",32.5,28931.2644188809,27.6694110441299,0.000956384437386444
"778",2023,"SNOW","ALL",37.5,33174.6751837338,147.990989198194,0.00446096271865705
"779",2023,"SNOW","ALL",42.5,10461.8252065658,236.653399820125,0.0226206608452608
"780",2023,"SNOW","ALL",47.5,6309.56592122115,492.622099696902,0.0780754343242616
"781",2023,"SNOW","ALL",52.5,5474.39831865059,768.419700982693,0.140366056003777
"782",2023,"SNOW","ALL",57.5,3966.91682084502,893.125793493537,0.225143564594149
"783",2023,"SNOW","ALL",62.5,2988.57334330218,858.200058439145,0.287160447429706
"784",2023,"SNOW","ALL",67.5,1286.01392680986,449.116163357961,0.349231181712049
"785",2023,"SNOW","ALL",72.5,752.757307340064,295.848272532719,0.393019462777619
"786",2023,"SNOW","ALL",77.5,495.824609827956,211.16854155496,0.425893627240956
"787",2023,"SNOW","ALL",82.5,373.351385184055,148.86563593613,0.398727959353203
"788",2023,"SNOW","ALL",87.5,303.180363414618,128.917285979404,0.425216476843858
"789",2023,"SNOW","ALL",92.5,374.207342265376,187.658257855607,0.501482030575782
"790",2023,"SNOW","ALL",97.5,324.074153375534,213.591055568803,0.659080810191288
"791",2023,"SNOW","ALL",102.5,267.882290445224,226.370557897236,0.845037413712587
"792",2023,"SNOW","ALL",107.5,271.310288020804,254.549323110938,0.938222155038291
"793",2023,"SNOW","ALL",112.5,208.350734049893,201.344698580558,0.966373838319874
"794",2023,"SNOW","ALL",117.5,105.729772676426,102.795880655046,0.972251032541614
"795",2023,"SNOW","ALL",122.5,59.8691909448003,59.0894798777337,0.986976422183731
"796",2023,"SNOW","ALL",127.5,18.8620090101209,18.7135975332933,0.992131724847126
"797",2023,"SNOW","ALL",132.5,4.67479090694955,4.65772238077791,0.996348815056889
"798",2023,"SNOW","ALL",137.5,1.1517941699796,1.14990726602084,0.998361769830116
"799",2024,"SNOW","ALL",12.5,76.360821554097,0.00295361149983865,3.86796715871658e-05
"800",2024,"SNOW","ALL",17.5,696.474091361875,0.01245624540079,1.78847218515096e-05
"801",2024,"SNOW","ALL",22.5,2000.33026689372,0.463068870546954,0.000231496207506797
"802",2024,"SNOW","ALL",27.5,11933.0534977256,5.27722367416633,0.000442235817946526
"803",2024,"SNOW","ALL",32.5,41044.9972942234,53.2202013322588,0.00129663064540509
"804",2024,"SNOW","ALL",37.5,35177.9860596877,163.139141685138,0.00463753500295138
"805",2024,"SNOW","ALL",42.5,28175.7294842638,608.225830457505,0.0215868707426794
"806",2024,"SNOW","ALL",47.5,27715.0099539031,1887.06024099754,0.0680880232096684
"807",2024,"SNOW","ALL",52.5,21833.6138183919,3087.89334338225,0.141428412587435
"808",2024,"SNOW","ALL",57.5,12606.112057298,2901.32301713864,0.230152088443398
"809",2024,"SNOW","ALL",62.5,11546.2317296117,3428.19015573202,0.296909869471961
"810",2024,"SNOW","ALL",67.5,7717.63352059876,2348.80304744661,0.304342392156551
"811",2024,"SNOW","ALL",72.5,5150.77486406232,1614.51469239717,0.313450837011313
"812",2024,"SNOW","ALL",77.5,4486.96080084258,1453.13851717547,0.323858081600043
"813",2024,"SNOW","ALL",82.5,2978.67776069607,983.831906859174,0.330291486994978
"814",2024,"SNOW","ALL",87.5,1539.80247103962,541.030851124295,0.35136380237071
"815",2024,"SNOW","ALL",92.5,832.167058128654,377.501053413189,0.453636141596495
"816",2024,"SNOW","ALL",97.5,450.519203441657,266.123883492432,0.590704861101211
"817",2024,"SNOW","ALL",102.5,269.00258259806,204.509410833931,0.760250733873086
"818",2024,"SNOW","ALL",107.5,177.021275196991,155.142160035987,0.87640403597445
"819",2024,"SNOW","ALL",112.5,197.516269548891,184.859983092044,0.935922815443239
"820",2024,"SNOW","ALL",117.5,149.506172596405,138.16071537048,0.924113787217649
"821",2024,"SNOW","ALL",122.5,57.7436828372317,55.6334134406396,0.963454540948825
"822",2024,"SNOW","ALL",127.5,17.8335820031626,17.4438321673123,0.97814517376368
"823",2024,"SNOW","ALL",132.5,3.50609318021216,3.5004508951545,0.998390720164112
"824",2025,"SNOW","ALL",7.5,276.481732919249,0.000373386490198155,1.35049244033496e-06
"825",2025,"SNOW","ALL",17.5,109.541488232316,0.000800886798812725,7.3112645421998e-06
"826",2025,"SNOW","ALL",22.5,15.1269994356573,0.000184083865052839,1.21692253533716e-05
"827",2025,"SNOW","ALL",27.5,5973.68064298222,1.13363513239887,0.000189771633294567
"828",2025,"SNOW","ALL",32.5,8516.27624107605,6.23646564258713,0.000732299595039809
"829",2025,"SNOW","ALL",37.5,12403.6465859533,61.9940201846796,0.00499804793332999
"830",2025,"SNOW","ALL",42.5,23506.7626841556,585.831897439432,0.0249218450584139
"831",2025,"SNOW","ALL",47.5,26938.9389321794,1911.71701045342,0.0709648221582259
"832",2025,"SNOW","ALL",52.5,20363.4357084244,3223.37490206995,0.15829229154766
"833",2025,"SNOW","ALL",57.5,20136.6457685859,5356.64381789544,0.266014701726146
"834",2025,"SNOW","ALL",62.5,20996.7084577239,7299.74829662458,0.347661554253723
"835",2025,"SNOW","ALL",67.5,21379.5949569103,8254.86181966391,0.386109364386988
"836",2025,"SNOW","ALL",72.5,11640.6157561759,5220.43998425749,0.448467683635016
"837",2025,"SNOW","ALL",77.5,7749.31695150961,3909.86698763915,0.504543434228418
"838",2025,"SNOW","ALL",82.5,8308.07430086957,4136.67533157002,0.497910247521143
"839",2025,"SNOW","ALL",87.5,4203.21465059779,2093.71001611804,0.498121126366998
"840",2025,"SNOW","ALL",92.5,2095.10062411488,1169.02533140465,0.557980517951748
"841",2025,"SNOW","ALL",97.5,1160.31654149784,784.274818192357,0.675914537234769
"842",2025,"SNOW","ALL",102.5,722.44077261964,564.171341646143,0.780924005161562
"843",2025,"SNOW","ALL",107.5,421.114358454935,378.811876585378,0.899546332201153
"844",2025,"SNOW","ALL",112.5,220.729122232287,207.392186975272,0.939577817724569
"845",2025,"SNOW","ALL",117.5,98.7023151299837,95.0181470109121,0.962673944230996
"846",2025,"SNOW","ALL",122.5,41.9957642244121,40.6019295148769,0.96681011203685
"847",2025,"SNOW","ALL",127.5,9.51124373502003,9.37256562076745,0.985419560457485
"848",2025,"SNOW","ALL",132.5,3.50609318021216,3.31975785245294,0.946853857504167
"849",2025,"SNOW","ALL",137.5,1.1517941699796,1.09287555756765,0.948846231429533
"850",2025,"SNOW","ALL",147.5,3.35615093495089,3.31168897296082,0.986752097014755
